County,Acres seeded,Acres harvested,Yield (bushels/acre),Production ('000 bushels),Production ('000 tonnes)
2019,,,,,
Brant,7700.0,7700.0,70.33881295317775,541.6088597394687,14.740062588163202
Chatham-Kent,41800.00000000001,41800.00000000001,89.24589317842131,3730.4783348580113,101.5261902584915
Elgin,14700.0,14700.0,83.61703453270023,1229.1704076306935,33.45227540906525
Essex,26600.0,26600.0,55.95326717708996,1488.356906910593,40.50612091526761
Haldimand-Norfolk,27900.0,27900.0,64.71390694817057,1805.518003853959,49.13776409356518
Hamilton,7300.0,7300.0,57.54510453871165,420.07926313259503,11.4325947945949
Lambton,36300.0,36300.0,64.26127538988653,2332.684296652881,63.48476749000874
Middlesex,32500.0,32500.0,85.25161430378962,2770.6774648731625,75.4048950814599
Niagara,17500.0,17500.0,48.72710432499365,852.7243256873887,23.20717193793242
Oxford,22700.0,22700.0,97.74018223177303,2218.702136661248,60.382705657011975
Southern Ontario,235000.0,235000.0,74.0,17390.0,473.27454822556064
Bruce,41500.0,41500.0,85.62654815452082,3553.501748412614,96.70971446801148
Dufferin,12900.0,12900.0,70.67792993490319,911.7452961602511,24.81344698890298
Grey,22300.0,22300.0,80.6904210646312,1799.3963897412757,48.971162359603625
Halton,8300.0,8300.0,54.93660471115993,455.9738191026274,12.409476896979843
Huron,94100.0,94100.0,88.74299039977917,8350.71539661922,227.26745581916015
Peel,10300.0,10300.0,64.27979476528346,662.0818860824195,18.018775475789774
Perth,50700.0,50700.0,89.82400781076073,4554.077196005569,123.94070313535731
Simcoe,40500.0,40500.0,76.8602331373805,3112.8394420639106,84.71694540779204
Waterloo,8500.0,8500.0,79.19596425215549,673.1656961433217,18.320424998457483
Wellington,35500.0,35500.0,78.96853886390969,2803.3831296687936,76.29499046562142
Western Ontario,324600.0,324600.0,82.8,26876.88,731.4630960156761
Durham,12800.0,12800.0,68.15783613577902,872.4203025379716,23.743204401751893
Haliburton,0.0,0.0,0.0,0.0,
Hastings,7000.0,7000.0,48.87953266951141,342.1567286865799,9.31190748657141
Kawartha Lakes,8100.0,8100.0,57.12106229919802,462.680604623504,12.592004262559982
Muskoka,0.0,0.0,0.0,0.0,
Northumberland,9000.0,9000.0,70.9332999664836,638.3996996983524,17.3742570133451
Parry Sound,0.0,0.0,0.0,0.0,
Peterborough,6300.000000000001,6300.000000000001,54.281338384322794,341.97243182123367,9.30689178699199
Prince Edward,12000.0,12000.0,57.78764374196719,693.4517249036062,18.8725159183433
York,4300.0,4300.0,65.35179645991656,281.0127247776412,7.64785338497826
Central Ontario,62000.0,62000.0,59.052,3661.224,99.64141084258655
Frontenac,2800.0,2800.0,59.8094745054407,167.46652861523395,4.557656450447255
Lanark,800.0,800.0,47.46069396589487,37.968555172715895,1.0333266702785733
Leeds and Grenville,899.9999999999999,899.9999999999998,51.797596410966875,46.61783676987017,1.268719703077242
Lennox and Addington,15900.0,15900.0,66.84883833901854,1062.8965295903947,28.927077334813703
Ottawa,1500.0000000000002,1500.0000000000002,74.05506987560149,111.08260481340226,3.0231494887165864
Prescott and Russell,800.0,800.0,33.59049237156821,26.872393897254565,0.7313410052594863
Renfrew,6500.0,6500.0,84.18638494887908,547.2115021677141,14.892540337680005
"Stormont, Dundas and Glengarry",2300.0,2300.0,84.27284737974546,193.82754897341457,5.275080257277775
Eastern Ontario,31500.0,31500.0,69.649,2193.9435,59.70889124755062
Algoma,500.0,500.0,76.5,38.25,
Cochrane,500.0,500.0,70.0,35.0,
Greater Sudbury,0.0,0.0,0.0,0.0,0.0
Kenora,0.0,0.0,0.0,0.0,
Manitoulin,150.0,150.0,76.5,11.475,
Nipissing,0.0,0.0,0.0,0.0,0.0
Rainy River,0.0,0.0,0.0,0.0,
Sudbury,0.0,0.0,0.0,0.0,
Thunder Bay,0.0,0.0,0.0,0.0,
Timiskaming,500.0,500.0,77.0,38.5,1.0477901153929894
Northern Ontario,3000.0000000000005,3000.0,78.0,234.0,6.368386675375572
Ontario,656100.0,656100.0,76.75056774881878,50356.0,1370.455040278685
,,,,,
2018,Acres seeded,Acres harvested,Yield (bushels/acre),Production ('000 bushels),Production ('000 tonnes)
Brant,15287.918502202645,15199.779735682821,91.10066005532667,1384.709966616284,37.685335472901265
Chatham-Kent,60442.962555066086,60094.49339207049,89.70675314748253,5390.8818842454875,146.7146169237287
Elgin,22780.01101321586,22648.678414096918,83.47829431456492,1890.6730424879158,51.45528637295656
Essex,51533.447136563875,51236.3436123348,78.39613277107954,4016.7311965372514,109.31665568629576
Haldimand-Norfolk,45762.51101321586,45498.67841409691,84.35470283986061,3838.027497227525,104.45317595328558
Hamilton,20147.654185022027,20031.49779735683,84.10767372016254,1684.8026808662428,45.85245702335736
Lambton,69352.47797356828,68952.64317180616,83.07423713134378,5728.188229687557,155.89451964096335
Middlesex,59329.2731277533,58987.22466960352,88.07211518719917,5195.1296456745185,141.38715560838554
Niagara,15186.674008810573,15099.118942731278,79.30430105764187,1197.4250743395044,32.58831576147138
Oxford,35840.55066079295,35633.92070484581,92.01440429566529,3278.833986375361,89.23454132308298
Southern Ontario,395663.48017621145,393382.37885462557,85.42681373248934,33605.40320405765,914.5820597664285
Bruce,35739.306167400886,35533.259911894274,84.51743108964048,3003.179845993809,81.73252356830528
Dufferin,4151.02422907489,4127.092511013217,56.65916080122283,233.83759822302036,6.363966857800468
Grey,17819.030837004404,17716.299559471365,81.90018719554779,1450.9682503331055,39.488576375275024
Halton,15287.918502202645,15199.779735682821,81.77575134409028,1242.9734081501406,33.82792859106631
Huron,116734.90088105726,116061.89427312773,84.79632789928371,9841.622443396138,267.8429796265006
Peel,10529.42731277533,10468.722466960353,92.23207954242314,965.5520432802394,26.27781524276724
Perth,81501.81718061674,81031.93832599118,90.13347094392282,7303.689858635472,198.77231272140952
Simcoe,45256.288546255506,44995.37444933921,80.96871689157663,3643.2177352190274,99.15136444641377
Waterloo,13364.273127753304,13287.224669603524,95.5568904641729,1269.6858723261598,34.5549170565578
Wellington,48496.112334801765,48216.51982378855,89.39648543566611,4310.387412185819,117.30860581825111
Western Ontario,388880.0991189427,386638.1057268722,86.03682351796432,33265.11446774293,905.3209903043472
Durham,20200,20200,61.47496587733171,1250,34.019159590681475
Haliburton,N/A,N/A,N/A,0,
Hastings,4100,4100,77.60680566021882,320.29046644394725,8.716809994664361
Kawartha Lakes,9800,9800,63.587520422696464,627.2754823019567,17.071507791801565
Muskoka,N/A,N/A,N/A,0,
Northumberland,13500,13500,73.49754419656472,998.7733456403217,27.18194387220558
Parry Sound,N/A,N/A,N/A,0,
Peterborough,8400,8400,67.22240762486217,568.3995118729536,15.469178964537164
Prince Edward,11300,11300,74.2604971610372,844.688619800247,22.988477569133654
York,11500,11500,78.27723921813745,906.1366315218534,24.66080534296357
Central Ontario,79780.66079295154,79320.70484581498,77.7762317502579,6169.2655226819115,167.8985826987239
Frontenac,809.955947136564,805.2863436123349,70.7491584831043,56.97333114850867,1.5505478758030882
Lanark,303.73348017621146,301.98237885462555,49.238614479338736,14.86919393197652,0.40466998508536145
Leeds and Grenville,809.955947136564,805.2863436123349,46.36810995861788,37.33960572879008,1.0162096050726672
Lennox and Addington,3239.823788546256,3221.1453744493397,41.111598304509926,132.42643471479144,3.6040288132699607
Ottawa,17414.05286343612,17313.656387665196,54.18841476414086,938.1995934186184,25.53340935713636
Prescott and Russell,4859.735682819383,4831.718061674009,59.284810304935434,286.44748873327393,7.7957622668537425
Renfrew,809.955947136564,805.2863436123349,49.405053581811025,39.78521495486809,1.0827676615193798
"Stormont, Dundas and Glengarry",15389.162995594714,15300.44052863436,62.56496261661865,957.2714896918056,26.052457263547943
Eastern Ontario,43636.376651982384,43384.80176211453,56.77823229040781,2463.3123523226327,67.0398528282885
Algoma,N/A,N/A,N/A,0,
Cochrane,N/A,N/A,N/A,0,
Greater Sudbury,N/A,N/A,N/A,0,0
Kenora,N/A,N/A,N/A,0,
Manitoulin,N/A,N/A,N/A,0,
Nipissing,500,500,64.63225806451612,32.31612903225806,0.8794940407211534
Rainy River,N/A,N/A,N/A,0,
Sudbury,N/A,N/A,N/A,0,
Thunder Bay,N/A,N/A,N/A,0,
Timiskaming,2000,1988.4694876536496,80,159.07755901229194,4.329347893868167
Northern Ontario,11339.383259911894,11274.01,80.35334838224229,905.9044531948834,24.654486533716618
Ontario,919300,914000.0011894272,83.59846816254455,76409.00000000001,2079.495972131505
,,,,,
2017,Acres seeded,Acres harvested ,Yield (bushels/acre),Production ('000 bushels),Production ('000 tonnes)
Brant,14949.49494949495,14949.49494949495,97.87465746289,1463.1766974250222,39.82083326325447
Chatham-Kent,59393.9393939394,59393.9393939394,95.90817847449854,5696.36453969749,155.02842749013416
Elgin,22323.23232323232,22323.23232323232,89.49469880549073,1997.8109531326716,54.371079717305456
Essex,50606.0606060606,50606.0606060606,88.83303592814372,4495.49,122.34623339865011
Haldimand-Norfolk,44848.48484848485,44848.484848484855,90.42702940944744,4055.515258363098,110.37217663735842
Hamilton,19797.9797979798,19797.9797979798,89.92203484353415,1780.2746292255247,48.45075738149153
Lambton,68080.80808080808,68080.80808080808,88.90589053296617,6052.784870628202,164.72852358557049
Middlesex,58181.81818181818,58181.81818181818,94.35111980808233,5489.51969792479,149.3990773439144
Niagara,14949.49494949495,14949.49494949495,84.63690723252455,1265.2790172134985,34.434983050661295
Oxford,35151.51515151515,35151.51515151515,98.56286899318114,3464.63418279061,94.29115455014723
Southern Ontario,388282.82828282827,388282.82828282827,92.10000350659962,35760.8498464009,973.2432464184875
Bruce,38181.818181818184,38181.818181818184,86.48083884866983,3301.9956651310304,89.86489399986475
Dufferin,4444.444444444444,4444.444444444444,57.84848874738277,257.1043944328123,6.997180340540287
Grey,19090.909090909092,19090.909090909092,83.56539259477462,1595.3393131729702,43.41768215689555
Halton,16363.636363636366,16363.636363636366,83.51744035883166,1366.6490240536093,37.19380100298305
Huron,124646.46464646465,124646.46464646465,86.81242601725408,10820.86199043349,294.49330476903685
Peel,11313.131313131313,11313.131313131315,93.84000389996744,1061.6242865450863,28.89245282345652
Perth,87070.70707070707,87070.70707070707,92.2285561933658,8030.4055998668,218.55011974381668
Simcoe,48383.83838383838,48383.83838383838,82.79039727888228,4005.7172016752133,109.01690620714166
Waterloo,14343.434343434343,14343.434343434343,97.32811123682535,1396.0193732958787,37.9931246814685
Wellington,51818.181818181816,51818.181818181816,91.45959907027712,4739.270133641632,128.980789615764
Western Ontario,415656.56565656565,415656.56565656565,87.99328581391504,36574.98698224852,995.4002553409678
Durham,15555.555555555555,15555.555555555555,80.35714285714286,1250,34.019159590681475
Haliburton,0,0,0,0,0
Hastings,3131.313131313131,3131.313131313131,75.80691906126656,237.37520110093567,6.460243879298271
Kawartha Lakes,7474.747474747475,7474.747474747475,62.194663384931786,464.8894030792881,12.65211743629676
Muskoka,0,0,0,0,0
Northumberland,10303.030303030304,10303.030303030304,71.84446256163669,740.2156748774689,20.145212140144483
Parry Sound,0,0,0,0,0
Peterborough,6464.646464646465,6464.646464646465,65.16287701440571,421.25496251737025,11.464591838595968
Prince Edward,8686.868686868687,8686.868686868687,72.065054634272,626.0196665199386,17.03733035379759
York,8888.888888888889,8888.888888888889,75.55053494429427,671.5603106159491,18.276733905289273
Central Ontario,60505.05050505051,60505.05050505051,72.90821480006412,4411.315218710951,120.05538914410383
Frontenac,808.0808080808081,808.0808080808081,75.20579520279108,60.772359759831176,1.6539396842976044
Lanark,303.03030303030306,303.03030303030306,52.3402572694438,15.860684021043578,0.4316537127434024
Leeds and Grenville,808.0808080808081,808.0808080808081,49.28893369553059,39.82944137012573,1.0839712979023985
Lennox and Addington,3333.3333333333335,3333.3333333333335,42.377021511457265,141.25673837152422,3.8443484207360172
Ottawa,17575.757575757576,17575.757575757576,56.93976547830929,1000.7595144672541,27.235998107643535
Prescott and Russell,4848.484848484849,4848.484848484849,63.01928387592123,305.54804303476965,8.315590110896192
Renfrew,808.0808080808081,808.0808080808081,52.51718071733552,42.43812583219032,1.1549675003317637
"Stormont, Dundas and Glengarry",15555.555555555555,15555.555555555555,65.64234474517754,1021.1031404805394,27.78965655564281
Eastern Ontario,44040.40404040404,44040.40404040404,59.66266896476847,2627.568047337278,71.51012539019372
Algoma,N/A,N/A,N/A,0,0
Cochrane,N/A,N/A,N/A,0,0
Greater Sudbury,0,0,0,0,0
Kenora,N/A,N/A,N/A,0,0
Manitoulin,N/A,N/A,N/A,0,0
Nipissing,500,500,64.63225806451612,32.31612903225806,0.8794940407211534
Rainy River,N/A,N/A,N/A,0,0
Sudbury,N/A,N/A,N/A,0,0
Thunder Bay,N/A,N/A,N/A,0,0
Timiskaming,2000,2000,80,160,4.354452427607228
Northern Ontario,11515.151515151514,11515.15,80.35334838224229,925.2808596237772,25.181821783795375
Ontario,920000,919999.9984848485,87.28260987670414,80300.00095432143,2185.390838077548
,,,,,
2016,Acres seeded,Acres harvested ,Yield (bushels/acre),Production ('000 bushels),Production ('000 tonnes)
Brant,26300,26300,87.22053231939164,2293.9,62.429240148051385
Chatham-Kent,83600,83600,109.35287081339713,9141.9,248.79980404964076
Elgin,22800,22800,96.52631578947368,2200.8,59.89549314173743
Essex,52000,52000,85.225,4431.7,120.61016764641846
Haldimand-Norfolk,34700,34700,94.59654178674351,3282.5,89.33431308512955
Hamilton,9200,9200,91.06521739130434,837.8,22.80100152405835
Lambton,60900,60900,99.1247947454844,6036.7,164.29076856085348
Middlesex,62400,62400,106.97115384615384,6675,181.66231221423905
Niagara,24500,24500,90.94285714285714,2228.1,60.638471587197905
Oxford,47600,47600,97.1953781512605,4626.5,125.91171347703026
Southern Ontario,424000,424000,98.47853773584906,41754.9,1136.3732854343566
Bruce,40600,40600,102.66995073891626,4168.4,113.4443718702373
Dufferin,8600,8600,92.5813953488372,796.2,21.66884389288047
Grey,21800,21800,80.94036697247707,1764.5,48.021445678205964
Halton,5000,5000,68.02,340.1,9.255932941432615
Huron,77600,77600,100.47938144329896,7797.2,212.20335292836924
Peel,10300,10300,64.1747572815534,661,17.98933159155236
Perth,84300,84300,99.82562277580071,8415.3,229.0251469627694
Simcoe,78100,78100,93.56978233034572,7307.8,198.88417156542565
Waterloo,22800,22800,88.46491228070175,2017,54.89331591552362
Wellington,50100,50100,79.35728542914171,3975.8,108.20269976050513
Western Ontario,399200,399200,93.29483967935872,37243.3,1013.5886131069019
Durham,27300,27300,63.4029304029304,1730.9,47.10701066840845
Haliburton,0,0,-,0,
Hastings,3500,3500,66.85714285714286,234,6.368386675375572
Kawartha Lakes,13000,13000,69,897,24.412148922273023
Muskoka,0,0,-,0,
Northumberland,8700,8700,53.60919540229885,466.4,12.693228826475071
Parry Sound,0,0,-,0,
Peterborough,9400,9400,60.765957446808514,571.2,15.545395166557807
Prince Edward,15000,15000,71.29333333333334,1069.4,29.104071413019817
York,4000,4000,75.15,300.6,8.180927498367081
Central Ontario,80900,80900,65.13597033374536,5269.5,143.41116917047682
Frontenac,4800,4800,47.541666666666664,228.2,6.210537774874809
Lanark,3900,3900,57.97435897435897,226.1,6.1533855867624645
Leeds and Grenville,5600,5600,44.642857142857146,250,6.803831918136295
Lennox and Addington,10700,10700,67.06542056074767,717.6,19.52971913781842
Ottawa,8600,8600,83.73255813953489,720.1,19.597757456999783
Prescott and Russell,5000,5000,54.88,274.4,7.467885913346396
Renfrew,1800,1800,69.11111111111111,124.4,3.3855867624646203
"Stormont, Dundas and Glengarry",4500,4500,50.24444444444445,226.1,6.1533855867624645
Eastern Ontario,44900,44900,61.623608017817375,2766.9,75.30209013716525
Algoma,N/A,N/A,N/A,N/A,
Cochrane,N/A,N/A,N/A,N/A,
Greater Sudbury,1900,1900,74,140.6,3.8264750707598516
Kenora,0,0,-,0,
Manitoulin,0,0,-,0,
Nipissing,0,0,-,0,0
Rainy River,0,0,-,0,
Sudbury,N/A,N/A,N/A,N/A,
Thunder Bay,0,0,-,0,
Timiskaming,800,800,75.75,60.6,1.6492488569562378
Northern Ontario,26000,25700,60.91050583657587,1565.4,42.60287393860222
Ontario,975000,975000,90.89976402995794,88600,2411.2780317875026
,,,,,
2015,Acres seeded,Acres harvested ,Yield (bushels/acre),Production ('000 bushels),Production ('000 tonnes)
Brant,17207.447826729887,17070.880780485997,71,1212,32.98497713912476
Chatham-Kent,54623.642519735564,54190.12154735671,78,4227,115.03919007184847
Elgin,14906.451896411354,14788.14672263031,74,1094,29.773568473764424
Essex,34014.722448186985,33744.76433351883,69,2328,63.357282821685175
Haldimand-Norfolk,22609.786097912525,22430.343351103696,68,1525,41.5033747006314
Hamilton,6002.598079091821,5954.958411797442,68,405,11.022207707380797
Lambton,39817.23392464241,39501.22413158969,74,2923,79.55040278684956
Middlesex,40717.623636506185,40394.46789335931,85,3434,93.45743522752014
Niagara,16006.928210911523,15879.889098126512,69,1096,29.827999129109514
Oxford,31113.466709959273,30866.534434483405,85,2624,71.41301981275855
Southern Ontario,277019.9013500875,274821.3307044519,75.9329705103635,20868,567.9294578706728
Bruce,28012.124369095163,27789.805921721396,85,2362,64.2826039625517
Dufferin,5929.886377087062,5882.82378679272,80,471,12.818419333768778
Grey,15006.495197729553,14887.396029493604,68,1012,27.54191160461572
Halton,3201.3856421823043,3175.977819625302,65,206,5.6063575005443065
Huron,53523.16620523541,53098.37917186052,87,4620,125.73481384715872
Peel,6802.944489637397,6748.952866703767,73,493,13.417156542564772
Perth,58125.15806587247,57663.847287571894,87,5017,136.53929893315916
Simcoe,53823.29610918999,53396.127092450384,82,4378,119.14870455040278
Waterloo,15506.711704320538,15383.642563810057,78,1200,32.65839320705421
Wellington,31613.68321655026,31362.780968799863,81,2540,69.12693228826475
Western Ontario,271544.8513769001,269389.7335088295,82.77598299516907,22299,606.8745917700849
Durham,20608.920071548586,20445.357213837884,76.1,1556,42.3470498584803
Haliburton,0,0,0,0,0
Hastings,2701.1691355913194,2679.7312853088483,72.7,195,5.30698889614631
Kawartha Lakes,9804.243529183308,9726.432072602489,68,661,17.98933159155236
Muskoka,0,0,0,0,0
Northumberland,6602.857887001002,6550.454252977185,61,400,10.886131069018072
Parry Sound,0,0,,0,0
Peterborough,7103.074393591988,7046.700787293638,63.1,445,12.110820814282604
Prince Edward,11404.93635027446,11314.420982415138,74,837,22.779229261920314
York,3101.342340864108,3076.7285127620116,78,240,6.531678641410843
Central Ontario,61326.54370805478,60839.8251071972,71.2362337065183,4334,117.9512301328108
Frontenac,2000.8660263639404,1984.986137265814,65,129,3.5107772697583277
Lanark,1600.6928210911522,1587.988909812651,72,114,3.10254735467015
Leeds and Grenville,2401.0392316367283,2381.9833647189766,65,155,4.218375789244503
Lennox and Addington,4501.948559318866,4466.218808848082,74,331,9.008273459612454
Ottawa,3701.6021487732896,3672.2243539417555,92,338,9.19878075332027
Prescott and Russell,2100.9093276821372,2084.2354441291045,72,150,4.082299150881776
Renfrew,800.3464105455761,793.9944549063255,72.5,58,1.5784890050076203
"Stormont, Dundas and Glengarry",1900.8227250457433,1885.736830402523,83,157,4.272806444589593
Eastern Ontario,19008.22725045743,18857.36830402523,75.93848605557172,1432,38.97234922708469
Algoma,0,0,0,0,0
Cochrane,0,0,0,0,0
Greater Sudbury,0,0,0,0,0
Kenora,0,0,0,0,0
Manitoulin,0,0,0,0,0
Nipissing,0,0,0,0,0
Rainy River,0,0,0,0,0
Sudbury,0,0,0,0,0
Thunder Bay,0,0,0,0,0
Timiskaming,0,0,0,0,0
Northern Ontario,1100.476314500167,1091.74,61,67,1.8234269540605268
Ontario,630000,624999.9976245038,78.40000029798225,49000,1333.5510559547138
,,,,,
2014,Acres seeded,Acres harvested ,Yield (bushels/acre),Production ('000 bushels),Production ('000 tonnes)
Brant,13132.271117855336,13132.271117855336,62,814,22.153276725451775
Chatham-Kent,46648.963075366715,46648.963075366715,86.7,4044,110.05878510777269
Elgin,23030.475467880628,23030.475467880628,86,1981,53.913564119312
Essex,36260.74860900354,36260.74860900354,83,3010,81.91813629436099
Haldimand-Norfolk,27440.566514921597,27440.566514921597,68,1866,50.7838014369693
Hamilton,14308.295397066264,14308.295397066264,66,944,25.691269322882647
Lambton,65661.35558927667,65661.35558927667,78,5122,139.3969083387764
Middlesex,58801.21396054628,58801.21396054628,81,4763,129.6266057043327
Niagara,12250.252908447143,12250.252908447143,65,796,21.66340082734596
Oxford,28028.57865452706,28028.57865452706,84,2354,64.06488134117134
Southern Ontario,325562.7212948912,325562.7212948912,78.9218123555573,25694,699.2706292183758
Bruce,40670.83965604451,40670.83965604451,75,3050,83.0067494012628
Dufferin,10094.208396560445,10094.208396560445,76,767,20.87415632484215
Grey,17248.356095093575,17248.356095093575,65,1121,30.508382320923143
Halton,2842.058674759737,2842.058674759737,62,176,4.789897670367951
Huron,65661.35558927667,65661.35558927667,75,4925,134.035488787285
Peel,4900.101163378857,4900.101163378857,73,358,9.743087306771173
Perth,73795.52352048559,73795.52352048559,80,5904,160.67929457870673
Simcoe,43806.90440060698,43806.90440060698,78.7,3448,93.83844981493577
Waterloo,17934.370257966613,17934.370257966613,79,1417,38.564119311996514
Wellington,51745.06828528072,51745.06828528072,83,4295,116.88983235358154
Western Ontario,328698.7860394537,328698.7860394537,77.45997576317157,25461,692.9294578706728
Durham,15778.325746079918,15778.3,76.7,1210,32.930546483779665
Haliburton,0,0,0,0,0
Hastings,2058.04248861912,2058,72.7,150,4.082299150881776
Kawartha Lakes,10388.214466363177,10388.2,68,706,19.214021336816895
Muskoka,0,0,0,0,0
Northumberland,8428.174001011634,8428.2,70,590,16.057043326801654
Parry Sound,0,0,0,0,0
Peterborough,9800.202326757713,9800.2,63.1,618,16.81907250163292
Prince Edward,15190.313606474456,15190.3,74,1124,30.59002830394078
York,5880.121396054628,5880.1,78,459,12.491835401698237
Central Ontario,67523.39403136064,67523.3,71.9307261345343,4857,132.18484650555192
Frontenac,3136.0647445624686,3136.1,67,210,5.715218811234488
Lanark,3136.0647445624686,3136.1,72,226,6.15066405399521
Leeds and Grenville,3626.074860900354,3626.1,65,236,6.422817330720662
Lennox and Addington,11564.238745574103,11564.2,78,902,24.54822556063575
Ottawa,8134.167931208903,8134.2,87,708,19.268451992161985
Prescott and Russell,1274.0263024785029,1274,74,94,2.5582408012192466
Renfrew,980.0202326757714,980,70,69,1.8778576094056172
"Stormont, Dundas and Glengarry",1862.0384420839657,1862,82,153,4.1639451338994125
Eastern Ontario,33712.69600404654,33712.7,77.062946604692,2598,70.70542129327237
Algoma,0,0,0,0,0
Cochrane,0,0,0,0,0
Greater Sudbury,0,0,0,0,0
Kenora,0,0,0,0,0
Manitoulin,0,0,0,0,0
Nipissing,0,0,0,0,0
Rainy River,0,0,0,0,0
Sudbury,0,0,0,0,0
Thunder Bay,0,0,0,0,0
Timiskaming,0,0,0,0,0
Northern Ontario,19502.40263024785,19502.4,61,1190,32.38623993032876
Ontario,775000,774999.9073343449,77.16129954864822,59800,1627.4765948182016
,,,,,
2013,Acres seeded,Acres harvested ,Yield (bushels/acre),Production ('000 bushels),Production ('000 tonnes)
Brant,23738.6902658391,23583.80890225691,70.94954882873272,1673.260601278178,45.53833554534558
Chatham-Kent,63618.67692659934,63203.601481351805,88.22813954652385,5576.336171339588,151.76181611527292
Elgin,29258.40795177964,29067.51359033558,83,2412.6036279978534,65.65979827993287
Essex,41907.01355326488,41633.59428159902,82.60093163792018,3438.973675095265,93.59279542497455
Haldimand-Norfolk,44207.335586403926,43918.90803040642,76.78228905597327,3372.194291413371,91.7753726163012
Hamilton,16818.73068174465,16708.998092771162,77.2,1296.8476037269133,35.29413247678297
Lambton,135945.8665777384,135058.89762734005,80,10804.711810187204,294.05377232166353
Middlesex,89317.91688857255,88735.16861539043,78,6921.343152000453,188.366621815819
Niagara,22266.695203348747,22121.417764831993,77.53885887593593,1715.2694902029298,46.681621222592256
Oxford,32899.88104185436,32685.22815324125,90.13386842020437,2946.0460536486057,80.17760868845541
Southern Ontario,499979.2146771456,496717.13653952465,80.84598561800367,40157.58647689037,1092.9018745071405
Bruce,67050.16649163062,65943.38544377137,82.22174593884944,5421.980284305392,147.5609700714509
Dufferin,10207.942820452838,10039.442751885248,74.95565433119702,752.5130005881521,20.47988788885674
Grey,27458.24768180936,27005.000960260277,71,1926.815716015691,52.438921075976786
Halton,6724.748769355586,6613.744951185104,70.5,466.2690190585498,12.689664137234645
Huron,89256.71566016795,87783.37642097058,87.88169854194281,7714.5522236216275,209.95406661282462
Peel,4491.959126180249,4417.811432166167,73,322.5002345481302,8.77694955770004
Perth,76306.32469103235,75046.75445550772,84.32676788977928,6328.450243850858,172.23084704579952
Simcoe,54280.21362692934,53384.223134146065,80.3027769542445,4286.901363216951,116.66942529982992
Waterloo,26724.888134547138,26283.74680349366,78.15,2054.07481269303,55.90231909136266
Wellington,83877.33872212074,82492.79557032854,77.148,6364.154192659706,173.2025417118361
Western Ontario,446378.54572422616,439010.28192371473,81.17853398420134,35638.21109055809,969.9055924928721
Durham,23892.748530443827,23297.297436322395,71.9188321818587,1675.5144246137172,45.59967408593831
Haliburton,0,0,0,0,0
Hastings,0,0,,0,0
Kawartha Lakes,18073.355864039302,17622.934703410767,64.74597150864082,1141.0140282056711,31.053070656588044
Muskoka,0,0,0,0,0
Northumberland,13281.721757395067,12950.71690283929,68.01541272741717,880.848355262552,23.972576618292837
Parry Sound,0,0,0,0,0
Peterborough,9818.576384568292,9573.879461422068,58.66262877844447,561.6289368149767,15.284915545802761
Prince Edward,13714.351130600116,13373,99,1324,36.033093838449815
York,3702.674318479327,3610.396886634072,57.65734055354994,208.16588282613714,5.665302711357967
Central Ontario,85523.4407274863,83392.03980099501,74.05639702317708,6175.714008075072,168.0740803416904
Frontenac,1527.920322929058,1400.9012920648306,55,77.0495710635657,2.0969293235239954
Lanark,4203.891275241276,3854.4134997142855,58.78313253012048,226.57449957959037,6.166299248301502
Leeds and Grenville,0,0,0,0,0
Lennox and Addington,9551.61240549298,8757.568021941193,78.53932832523199,687.8135102057919,18.719070057854122
Ottawa,2364.688842323218,2168.107593589286,62.09727800089245,134.63357997495984,3.664096994746349
Prescott and Russell,2455.4354913369602,2251.310294637335,71.2513812154696,160.40896803751596,4.365582626755823
Renfrew,0,0,0,0,0
"Stormont, Dundas and Glengarry",5812.006311252246,5328.842760147159,68.44487148690848,364.731957892215,9.926299746685581
Eastern Ontario,26853.62175291547,24621.2271973466,68.95511565715022,1697.7595690140074,46.20508297991529
Algoma,0,0,0,0,0
Cochrane,0,0,0,0,0
Greater Sudbury,0,0,0,0,0
Kenora,0,0,0,0,0
Manitoulin,0,0,0,0,0
Nipissing,0,0,0,0,0
Rainy River,0,0,0,0,0
Sudbury,0,0,0,0,0
Thunder Bay,0,0,0,0,0
Timiskaming,0,0,0,0,0
Northern Ontario,1265.1771182264783,1259.3145384190161,24.40158094463147,30.72926564398284,0.836307033637678
Ontario,1060000,1045000,80.09569417242251,83700.00041018153,2277.922937355256
,,,,,
2012,Acres seeded,Acres harvested ,Yield (bushels/acre),Production ('000 bushels),Production ('000 tonnes)
Brant,5149.589451602898,4957.6918402332985,81.9657797523941,406.3610774568039,11.05924987635543
Chatham-Kent,54725.00067357949,52685.693072428716,79.14092545550069,4169.59450801647,113.47688079731303
Elgin,22782.037307871695,21933.072825828785,89.57184158682588,1964.5857246674514,53.46684423762931
Essex,38144.205620243,36722.77542373732,71.0386893887851,2608.737836820987,70.99765504084985
Haldimand-Norfolk,18697.684979583442,18000.92242803548,53.89463346427758,970.1531162778658,26.40303495204294
Hamilton,8778.86704708298,8451.725702574024,55.051453518800905,465.2797846689088,12.662741799175615
Lambton,68476.29499394578,65924.55032220538,86.1687722606801,5680.637563101861,154.60041266878568
Middlesex,53412.98172998578,51422.56604608658,93.02138631090077,4783.398381270828,130.18175433460777
Niagara,10242.011554930143,9860.346653003025,52.51111478805132,517.7777949458196,14.091492351018385
Oxford,21776.231586229755,20964.74809510834,103.16857360853047,2162.9031570344837,58.86411814267591
Southern Ontario,302184.90494505496,290924.0924092409,81.56570584357605,23729.42894426148,645.804184200454
Bruce,46443.1279969685,44851.084651865654,85.64947199987724,3841.471719054091,104.5469115788725
Dufferin,14189.779334311996,13703.361973294801,51.71696830384673,708.6963368290258,19.287403027134385
Grey,16132.321255517805,15579.314690206686,70.73916076651189,1102.067646502611,29.99313211687925
Halton,8806.378273605978,8504.500761697913,51.24198774203502,435.78752378305194,11.860100255362832
Huron,85765.48459091222,82825.49379202817,89.60594398567366,7421.656557314238,201.98281508040054
Peel,4787.650558708306,4623.532689404434,84.66046755136823,391.4304392240143,10.652907664489831
Perth,74561.98699884153,72006.0455642573,85.94209906896762,6188.350701447998,168.41799209253207
Simcoe,58627.30808995802,56617.59815629455,82.54280518452893,4673.375374630965,127.18744215738529
Waterloo,14604.828262244051,14104.183266007078,78.40949901489456,1105.9019439018743,30.097483776994185
Wellington,56170.89606750301,54245.39050554843,76.2442034623463,4135.896590599463,112.55978093292681
Western Ontario,380089.7614285714,367060.50605060504,81.74302148744579,30004.63483328733,816.5859686829776
Durham,24670.33190410848,23824.647312580153,77.99604402103523,1858.2282405776402,50.57229045769759
Haliburton,0,0,-,0,0
Hastings,6834.4869148581265,6600.204688848231,59.928230778112066,395.5385897760741,10.764712327892285
Kawartha Lakes,24222.721141374815,23392.380385775305,44.60146181467842,1043.3343605305897,28.394686493865386
Muskoka,0,0,-,0,0
Northumberland,17914.05654725489,17299.973135135995,72.22194566120102,1249.4377197060292,34.00385694823724
Parry Sound,0,0,-,0,0
Peterborough,7850.033914178595,7580.939329233426,68.17383762691986,516.8217268906903,14.06547264562079
Prince Edward,8200.181043091221,7919.083618750123,105.17632085769063,832.9000795845446,22.667648584382338
York,10071.242161507485,9726.0058531091,62.52144524441624,608.0839423920324,16.54920374461225
Central Ontario,99763.05362637361,96343.23432343235,67.5122099142112,6504.344659457602,177.0178712023079
Frontenac,5951.738198788312,5747.716084003239,12.949719842249442,74.43131302063301,2.025672572954306
Lanark,5486.51634896119,5298.441767900849,99.98240101830852,529.7509296104183,14.41734513418295
Leeds and Grenville,3734.1807146123647,3606.1751772485154,55.921958041767006,201.66437695335318,5.488362098665175
Lennox and Addington,12858.731929221647,12417.942097070052,103.42530386084587,1284.3294347158599,34.95344640528685
Ottawa,8023.526170018427,7748.484371712549,74.41079870252389,576.5709108331548,15.691566264782136
Prescott and Russell,4447.520884347285,4295.062461938846,0,0,0
Renfrew,9763.455888371864,9428.770313935487,47.38619388379098,446.79353818187974,12.159632543595682
"Stormont, Dundas and Glengarry",5033.700415129459,4861.148100227858,56.76980257493949,275.9664179374776,7.510516490787002
Eastern Ontario,55299.37054945055,53403.7403740374,63.46946669863987,3389.5069212527765,92.24654151025409
Algoma,0,0,-,0,0
Cochrane,0,0,-,0,0
Greater Sudbury,0,0,-,0,0
Kenora,0,0,-,0,0
Manitoulin,0,0,-,0,0
Nipissing,3746.9395851339673,3618.4966811287873,13.039916923497337,47.18489610987022,1.2841524088251204
Rainy River,0,0,-,0,0
Sudbury,0,0,-,0,0
Thunder Bay,8956.969865415484,8649.930161555481,-,0,0
Timiskaming,0,0,-,-,
Northern Ontario,12703.90945054945,12268.426842684268,54.78164807589651,672.0846417408118,18.291003748661325
Ontario,850041,819999.9999999999,78.41463414634147,64300,1749.9455693446548
,,,,,
2011,Acres seeded,Acres harvested ,Yield (bushels/acre),Production ('000 bushels),Production ('000 tonnes)
Brant,9225.251607264703,9060.492883398909,74.41784724973043,674.2623754040496,18.350271483889877
Chatham-Kent,98037.31057907098,96286.40958797795,71.85312357841298,6918.479287046668,188.28868079269182
Elgin,40812.96737661072,40084.06666924666,81.32349433167886,3259.7763685671184,88.71588200977352
Essex,68333.58222303535,67113.17607222861,64.49699315647933,4328.598057840121,117.80421450686157
Haldimand-Norfolk,33496.03886506729,32897.81511433277,48.93167139799792,1609.7450788866204,43.80973979116646
Hamilton,15726.934758043037,15446.058982360637,49.98196407346566,772.024365132981,21.01089606828274
Lambton,122672.11908626993,120481.25181727852,78.23380136397472,9425.706322755987,256.52368611898504
Middlesex,95686.88925288506,93977.96569880247,84.45538294583947,7936.945081563328,216.00656111374178
Niagara,18348.09055105021,18020.40214608741,47.67555595780352,859.132690897913,23.381577696982173
Oxford,39011.11289143712,38314.392471203144,93.66815242854977,3588.838354199936,97.671411773349
Southern Ontario,541350.2971907344,531682.0314429172,74.05461470164799,39373.50798229472,1071.562921355724
Bruce,50559.0538398579,49657.987363142965,86.65553580482417,4303.139501942342,117.11135156603369
Dufferin,15447.319082082751,15172.016038950827,52.32445097358418,793.8674094005154,21.6053616753896
Grey,17562.014750015285,17249.023474408445,71.5700836849814,1234.514053547621,33.597704483660486
Halton,9586.825273665074,9415.968301151615,51.84389115086011,488.1604356848535,13.285446213935703
Huron,93366.2726876724,91702.29340037878,90.65848167034521,8313.590685366858,226.2570946376785
Peel,5211.946154444184,5119.058538843461,85.65491422015141,438.4725200325703,11.93317330809303
Perth,81169.8883702941,79723.27377262323,86.95160015724727,6932.066224303893,188.6584537422135
Simcoe,63823.03160974868,62685.57372914797,83.51237717039078,5235.021276410945,142.47281941026955
Waterloo,15899.150859969499,15615.795243910521,79.33051997487225,1238.8091565205584,33.714597118456304
Wellington,61148.92516919446,60059.12537326406,77.13979022604038,4632.948332453048,126.08720695768149
Western Ontario,413774.4277969443,406400.11523582187,82.70319897955733,33610.5895956632,914.7232091134117
Durham,22715.568568971317,22310.68595025547,81.16578981048254,1810.8644463661212,49.2832692784161
Haliburton,0,0,-,0,0
Hastings,6292.9536883264445,6180.78799187685,62.36370375064793,385.45683127097,10.490333966660407
Kawartha Lakes,22303.424418961207,21905.887863463537,46.41405753750949,1016.7411397050274,27.670943275229355
Muskoka,0,0,-,0,0
Northumberland,16494.62931545847,16200.62880687721,75.15703308824467,1217.5911952888403,33.137143350991735
Parry Sound,0,0,-,0,0
Peterborough,7228.033426521431,7099.200855458552,70.94441064098343,503.6486207124724,13.70696224451536
Prince Edward,7550.436511609986,7415.857423352242,109.450668414322,811.6705518512146,22.089880030786375
York,9273.243375227525,9107.956952818527,65.06230600602362,592.5846823539695,16.127386303994378
Central Ontario,91858.28930507638,90221.00584410237,70.25589449203596,6338.557467548616,172.50591845059373
Frontenac,4790.4611341382815,4704.776068249965,10.206939928452032,48.02136670544613,1.3069172301721677
Lanark,4416.011332095164,4337.023900330478,78.80590263943557,341.78308323434874,9.301738603155583
Leeds and Grenville,3005.5837443994224,2951.8240678337456,44.07756101035317,130.10920544177083,3.540964659312291
Lennox and Addington,10349.792528471764,10164.669921294608,81.51959088299306,828.6197334446016,22.551157561631875
Ottawa,6458.010919236964,6342.499056051411,58.65042345602337,371.99025540684374,10.123836691891023
Prescott and Russell,3579.740107532202,3515.7107253102913,0,0,0
Renfrew,7858.453178878223,7717.892164070291,37.349690981872214,288.2608873594384,7.845114504665752
"Stormont, Dundas and Glengarry",4051.54685810653,3979.078456888845,44.745830156263494,178.04716881039528,4.845612040343873
Eastern Ontario,44509.599802858545,43713.474360029635,50.026490285165295,2186.8317004028445,59.51534129117256
Algoma,0,0,-,0,0
Cochrane,0,0,-,0,0
Greater Sudbury,0,0,-,0,0
Kenora,0,0,-,0,0
Manitoulin,0,0,-,0,0
Nipissing,6915.071685282504,6778.803868816133,10.258556497033299,69.54074247055821,1.8925740929283206
Rainy River,0,0,-,0,0
Sudbury,0,0,-,0,0
Thunder Bay,16530.314219103893,16204.569248312853,0,0,0
Timiskaming,0,0,,920.972511620057,25.064568681146774
Northern Ontario,23445.385904386396,22983.373117128984,43.09694878304909,990.5132540906152,26.95714277407509
Ontario,1114938,1095000,75.34246575342466,82500,2245.264532984977
,,,,,
2010,Acres remaining (June 1),Acres harvested ,Yield (bushels/acre),Production ('000 bushels),Production ('000 tonnes)
Brant,10000,10000,72,720,19.595035924232526
Chatham-Kent,72000,72000,89,6408,174.3958197256695
Elgin,26000,26000,85,2210,60.145874156324844
Essex,50000,50000,86,4300,117.02590899194426
Haldimand-Norfolk,18000,18000,72,1296,35.27106466361855
Hamilton,8000,8000,72,576,15.676028739386023
Lambton,100000,100000,87,8700,236.77335075114306
Middlesex,69000,69000,87,6003,163.3736120182887
Niagara,12000,12000,67,804,21.881123448726324
Oxford,41000,41000,86,3526,95.96124537339429
Southern Ontario,406000,406000,85.08128078817734,34543,940.0990637927281
Bruce,35000,35000,77,2695,73.34530807750926
Dufferin,10000,10000,64,640,17.417809710428912
Grey,8000,8000,61,488,13.281079904202047
Halton,5000,5000,60,300,8.164598301763553
Huron,84000,84000,82,6888,187.4591770084912
Peel,4000,4000,73,292,7.946875680383192
Perth,63000,63000,86,5418,147.45264532984976
Simcoe,41000,41000,70,2870,78.10799042020466
Waterloo,18000,18000,73,1314,35.76094056172436
Wellington,60000,60000,76,4560,124.101894186806
Western Ontario,328000,328000,77.63719512195122,25465,693.0383191813629
Durham,14000,14000,65,910,24.76594818201611
Haliburton,-,-,-,-,-
Hastings,4000,4000,53,212,5.769649466579578
Kawartha Lakes,11000,11000,58,638,17.363379055083822
Muskoka,-,-,-,-,-
Northumberland,18000,18000,55,990,26.943174395819725
Parry Sound,-,-,-,-,-
Peterborough,6000,6000,60,360,9.797517962116263
Prince Edward,12000,12000,57,684,18.615284128020903
York,7000,7000,59,413,11.239930328761158
Central Ontario,72000,72000,58.43055555555556,4207,114.49488351839756
Frontenac,800,800,58,46,1.2519050729370782
Lanark,-,-,-,-,-
Leeds and Grenville,-,-,-,-,-
Lennox and Addington,3000,3000,66,198,5.388634879163945
Ottawa,500,500,84,42,1.1430437622468974
Prescott and Russell,-,-,-,-,-
Renfrew,1000,1000,64,64,1.7417809710428913
"Stormont, Dundas and Glengarry",-,-,-,-,-
Eastern Ontario,6000,6000,64,384,10.450685826257349
Algoma,-,-,-,-,-
Cochrane,-,-,-,-,-
Greater Sudbury,-,-,-,-,-
Kenora,-,-,-,-,-
Manitoulin,-,-,-,-,-
Nipissing,-,-,-,-,-
Rainy River,-,-,-,-,-
Sudbury,-,-,-,-,-
Thunder Bay,-,-,-,-,-
Timiskaming,2500,2500,66,165,4.490529065969954
Northern Ontario,3000,3000,67,201,5.470280862181581
Ontario,815000,815000,79.50920245398773,64800,1763.5532331809275
,,,,,
2009,Acres remaining (June 1),Acres harvested ,Yield (bushels/acre),Production ('000 bushels),Production ('000 tonnes)
Brant,18000,18000,66,1188,32.33180927498367
Chatham-Kent,85000,85000,82,6970,189.69083387763988
Elgin,35000,35000,82,2870,78.10799042020466
Essex,65000,65000,81,5265,143.28870019595036
Haldimand-Norfolk,34000,34000,61,2074,56.4445895928587
Hamilton,8000,8000,63,504,13.71652514696277
Lambton,95000,95000,73,6935,188.7382974091008
Middlesex,85000,85000,75,6375,173.49771391247552
Niagara,17000,17000,57,969,26.371652514696276
Oxford,50000,50000,81,4050,110.22207707380797
Southern Ontario,492000,492000,75.60975609756098,37200,1012.4101894186806
Bruce,48000,48000,75,3600,97.97517962116264
Dufferin,8000,8000,66,528,14.369693011103854
Grey,9000,9000,63,567,15.431090790333116
Halton,6000,6000,62,372,10.124101894186806
Huron,80000,80000,77,6160,167.6464184628783
Peel,5000,5000,61,305,8.30067494012628
Perth,60000,60000,83,4980,135.53233180927498
Simcoe,43000,43000,67,2881,78.40735902460266
Waterloo,18000,18000,74,1332,36.250816459830176
Wellington,55000,55000,75,4125,112.26322664924886
Western Ontario,332000,332000,74.84939759036145,24850,676.3008926627476
Durham,23000,23000,53,1219,33.17548443283257
Haliburton,-,-,-,-,-
Hastings,5000,5000,68,340,9.25321140866536
Kawartha Lakes,15000,15000,51,765,20.81972566949706
Muskoka,-,-,-,-,-
Northumberland,15000,15000,57,855,23.269105160026125
Parry Sound,-,-,-,-,-
Peterborough,8000,8000,50,400,10.886131069018072
Prince Edward,9000,9000,66,594,16.165904637491835
York,11000,11000,51,561,15.267798824297845
Central Ontario,86000,86000,55.04651162790697,4734,128.83736120182888
Frontenac,1200,1200,63,76,-
Lanark,200,200,57,11,-
Leeds and Grenville,1100,1100,57,63,-
Lennox and Addington,8000,8000,68,544,14.805138253864577
Ottawa,400,400,70,28,-
Prescott and Russell,500,500,58,29,-
Renfrew,3500,3500,71,249,6.77661659046375
"Stormont, Dundas and Glengarry",1100,1100,65,72,1.959503592423253
Eastern Ontario,16000,16000,67,1072,29.17483126496843
Algoma,-,-,-,-,-
Cochrane,-,-,-,-,-
Greater Sudbury,-,-,-,-,-
Kenora,-,-,-,-,-
Manitoulin,-,-,-,-,-
Nipissing,-,-,-,-,-
Rainy River,-,-,-,-,-
Sudbury,-,-,-,-,-
Thunder Bay,-,-,-,-,-
Timiskaming,-,-,-,-,-
Northern Ontario,4000,4000,36,144,3.919007184846506
Ontario,930000,930000,73.11827956989248,68000,1850.642281733072
,,,,,
2008,Acres remaining (June 1),Acres harvested ,Yield (bushels/acre),Production ('000 bushels),Production ('000 tonnes)
Brant,18000,18000,80,1440,39.19007184846505
Chatham-Kent,109000,109000,74.9,8164.1,222.1886566514261
Elgin,55000,55000,81,4455,121.24428478118877
Essex,75000,75000,72,5400,146.96276943174396
Haldimand-Norfolk,42000,42000,77,3234,88.0143696930111
Hamilton,10000,10000,76,760,20.683649031134333
Lambton,133000,133000,79,10507,285.9514478554322
Middlesex,116000,116000,83,9628,262.029174831265
Niagara,29000,29000,75,2175,59.193337687785764
Oxford,52000,52000,92,4784,130.19812758545612
Southern Ontario,639000,639000,79.10344287949921,50547.1,1375.6558893969084
Bruce,58000,58000,89,5162,140.48552144567822
Dufferin,19000,19000,79,1501,40.85020683649031
Grey,17000,17000,70,1190,32.38623993032876
Halton,10000,10000,64,640,17.417809710428912
Huron,107000,107000,90,9630,262.08360548661005
Peel,6500,6500,79,513.5,13.975070759851949
Perth,83000,83000,93,7719,210.07511430437623
Simcoe,49000,49000,74,3626,98.68277814064881
Waterloo,33000,33000,82,2706,73.64467668190726
Wellington,76000,76000,87,6612,179.9477465708687
Western Ontario,458500,458500,85.71319520174482,39299.5,1069.548769867189
Durham,20000,20000,69,1380,37.55715218811235
Haliburton,-,-,-,-,-
Hastings,7500,7500,62,465,12.655127367733508
Kawartha Lakes,20000,20000,61,1220,33.20269976050512
Muskoka,-,-,-,-,-
Northumberland,16000,16000,70,1120,30.4811669932506
Parry Sound,-,-,-,-,-
Peterborough,9500,9500,62,589,16.02982799912911
Prince Edward,11000,11000,69,759,20.65643370346179
York,17000,17000,62,1054,28.684955366862617
Central Ontario,101000,101000,65.21782178217822,6587,179.2673633790551
Frontenac,-,-,-,-,-
Lanark,-,-,-,-,-
Leeds and Grenville,-,-,-,-,-
Lennox and Addington,9500,9500,77,731.5,19.908012192466796
Ottawa,-,-,-,-,-
Prescott and Russell,-,-,-,-,-
Renfrew,2200,2200,59,129.8,3.5325495318963642
"Stormont, Dundas and Glengarry",3500,3500,83,290.5,7.906052688874374
Eastern Ontario,19000,19000,72.3,1373.7,37.38569562377531
Algoma,-,-,-,-,-
Cochrane,-,-,-,-,-
Greater Sudbury,-,-,-,-,-
Kenora,-,-,-,-,-
Manitoulin,-,-,-,-,-
Nipissing,-,-,-,-,-
Rainy River,-,-,-,-,-
Sudbury,-,-,-,-,-
Thunder Bay,-,-,-,-,-
Timiskaming,5800,5800,70,406,11.049423035053342
Northern Ontario,7500,7500,65.7,492.75,13.410352710646636
Ontario,1225000,1225000,80.2449387755102,98300.05,2675.2680709775746
2007,Acres remaining (June 1),Acres harvested ,Yield (bushels/acre),Production ('000 bushels),Production ('000 tonnes)
Brant,11000,11000,63,693,18.860222077073807
Chatham-Kent,53000,53000,77,4081,111.06575223165687
Elgin,20000,20000,67,1340,36.46853908121054
Essex,28000,28000,69,1932,52.580013063357285
Haldimand-Norfolk,11000,11000,52,572,15.567167428695841
Hamilton,4000,4000,63,252,6.858262573481385
Lambton,40000,40000,69,2760,75.1143043762247
Middlesex,40000,40000,77,3080,83.82320923143915
Niagara,4500,4500,40,180,4.898758981058132
Oxford,31000,31000,81,2511,68.33768778576093
Southern Ontario,242500,242500,71.75670103092783,17401,473.57391682995865
Bruce,26000,26000,76,1976,53.77748748094927
Dufferin,6600,6600,71,468.6,12.75310254735467
Grey,7000,7000,70,490,13.335510559547137
Halton,5900,5900,65,383.5,10.437078162421075
Huron,85000,85000,82,6970,189.69083387763988
Peel,5600,5600,66,369.6,10.058785107772698
Perth,51000,51000,87,4437,120.75440888308296
Simcoe,40000,40000,75,3000,81.64598301763553
Waterloo,11500,11500,74,851,23.160243849335945
Wellington,35000,35000,76,2660,72.39277160897018
Western Ontario,273600,273600,78.96820175438596,21605.7,588.0062050947093
Durham,20000,20000,69,1380,37.55715218811235
Haliburton,-,-,-,-,-
Hastings,3800,3800,58,220.4,5.9982582190289575
Kawartha Lakes,11000,11000,62,682,18.56085347267581
Muskoka,-,-,-,-,-
Northumberland,12000,12000,60,720,19.595035924232526
Parry Sound,-,-,-,-,-
Peterborough,4100,4100,53,217.3,5.913890703244068
Prince Edward,9500,9500,56,532,14.478554321794034
York,7000,7000,57,399,10.858915741345525
Central Ontario,67400,67400,61.58308605341248,4150.700000000001,112.96266057043329
Frontenac,-,-,-,-,-
Lanark,-,-,-,-,-
Leeds and Grenville,-,-,-,-,-
Lennox and Addington,3600,3600,55,198,5.388634879163945
Ottawa,-,-,-,-,-
Prescott and Russell,-,-,-,-,-
Renfrew,-,-,-,-,-
"Stormont, Dundas and Glengarry",-,-,-,-,-
Eastern Ontario,6500,6500,56.76923076923077,369,10.04245591116917
Algoma,-,-,-,-,-
Cochrane,-,-,-,-,-
Greater Sudbury,-,-,-,-,-
Kenora,-,-,-,-,-
Manitoulin,-,-,-,-,-
Nipissing,-,-,-,-,-
Rainy River,-,-,-,-,-
Sudbury,-,-,-,-,-
Thunder Bay,-,-,-,-,-
Timiskaming,4000,4000,57,228,6.2050947093403
Northern Ontario,5000,5000,54.8,274,7.456999782277379
Ontario,595000,595000,73.6141176470588,43800.399999999994,1192.0422381885476
2006,Acres remaining (2006 Census),Acres harvested ,Yield (bushels/acre),Production ('000 bushels),Production ('000 tonnes)
Brant,13621,13600,79,1074.4,29.24014805138254
Chatham-Kent,100352,100000,92,9200,250.38101458741562
Elgin,48779,48600,85,4131,112.42651861528412
Essex,65859,65600,89,5838.4,158.89396908338776
Haldimand-Norfolk,41256,41100,70,2877,78.29849771391248
Hamilton,7932,7900,71,560.9,15.26507729153059
Lambton,126842,126500,87,11005.5,299.51828870019597
Middlesex,98628,98300,89,8748.7,238.09873720879602
Niagara,16340,16300,64,1043.2,28.39102982799913
Oxford,44763,44600,93,4147.8,112.88373612018289
Southern Ontario,564372,562500,86.44782222222221,48626.899999999994,1323.397017200087
Bruce,44957,44800,80,3584,97.53973437840192
Dufferin,11954,11900,80,952,25.908991944263008
Grey,10734,10700,82,877.4,23.87872849989114
Halton,8843,8800,67,589.6,16.046157195732636
Huron,99250,98900,88,8703.2,236.8604397996952
Peel,7849,7800,66,514.8,14.010450685826257
Perth,64381,64200,96,6163.2,167.73350751143045
Simcoe,46291,46100,77,3549.7,96.60624863923361
Waterloo,18853,18800,83,1560.4,42.4667973002395
Wellington,48894,48700,84,4090.8,111.33246244284781
Western Ontario,362006,360700,84.793734405323,30585.100000000002,832.3835183975616
Durham,23638,23600,70,1652,44.95972131504463
Haliburton,x,-,-,-,-
Hastings,5162,5100,65,331.5,9.021881123448726
Kawartha Lakes,14423,14400,66,950.4,25.865447419986936
Muskoka,0,-,-,-,-
Northumberland,13460,13400,66,884.4,24.069235793598953
Parry Sound,x,200,47,9.4,0.2558240801219247
Peterborough,5819,5800,63,365.4,9.944480731548007
Prince Edward,12595,12600,65,819,22.2893533638145
York,11713,11700,68,795.6,21.652514696276945
Central Ontario,87050,86800,66.90898617511522,5807.700000000001,158.05845852384064
Frontenac,740,700,75,52.5,1.428804702808622
Lanark,x,-,50,-,-
Leeds and Grenville,497,500,58,29,0.7892445025038102
Lennox and Addington,4992,5000,60,300,8.164598301763553
Ottawa,963,1000,72,72,1.959503592423253
Prescott and Russell,842,800,47,37.6,1.0232963204876988
Renfrew,x,-,60,-,-
"Stormont, Dundas and Glengarry",x,-,81,-,-
Eastern Ontario,10621,10600,65,689,18.751360766383627
Algoma,105,-,-,-,-
Cochrane,0,-,-,-,-
Greater Sudbury,0,-,-,-,-
Kenora,x,-,-,-,-
Manitoulin,x,-,-,-,-
Nipissing,165,-,-,-,-
Rainy River,x,-,-,-,-
Sudbury,x,-,-,-,-
Thunder Bay,44,-,-,-,-
Timiskaming,x,-,-,-,-
Northern Ontario,4427,4400,66.1,290.84,7.915305900283038
Ontario,1028476,1025000,83.90199024390243,85999.54,2340.5056607881556
2005,Acres seeded remaining June 1,Acres harvested ,Yield (bushels/acre),Production ('000 bushels),Production ('000 tonnes)
Brant County,14300,14300,61.595767329172105,880.82,23.971804920531245
Chatham-Kent Division,90500,90500,76.17927357013986,6894.22,187.62845634661443
Elgin County,36000,36000,73.3333929342906,2640,71.84846505551927
Essex County,48300,48300,66.20338498193064,3197.62,87.02427607228391
Haldimand-Norfolk Regional Municipality,27900,27900,63.46775062504945,1770.75,48.19154147615937
Hamilton Division,10800,10800,59.30550262965566,640.5,17.431417374265187
Lambton County,107600,107600,74.36671840031067,8001.86,217.77324188983235
Middlesex County,76500,76500,79.70562465737513,6097.48,165.94491617679077
Niagara Regional Municipality,19100,19100,59.090860914130815,1128.64,30.71630742434139
Oxford County,42700,42700,80.50679986582749,3437.64,93.5564990202482
Southern Ontario Region,473700,473700,73.2320033776652,34690,944.0997169605922
Bruce County,28200,28200,72.1295416743842,2034.05,55.357337252340514
Dufferin County,5500,5500,61.332396028040165,337.33,9.180546483779665
Grey County,6200,6200,59.323949204619055,367.81,10.010069671238842
Halton Regional Municipality,9500,9500,55.100459090989915,523.45,14.245863270193775
Huron County,81600,81600,75.75957763346372,6181.98,168.24461136512082
Peel Regional Municipality,4600,4600,55.865091346688786,256.98,6.9937949052906605
Perth County,57400,57400,81.24752069632738,4663.61,126.9216742869584
Simcoe County,37400,37400,55.72307634782898,2084.04,56.717831482691054
Waterloo Regional Municipality,15600,15600,63.42708101532343,989.46,26.92847811887655
Wellington County,34800,34800,66.35487365036707,2309.15,62.8442738950577
Western Ontario Region,280800,280800,70.32407407407408,19747,537.4210755497496
Durham Regional Municipality,21700,21700,46.113340560662806,1000.66,27.233289788809056
Haliburton County,-,-,-,-,-
Hastings County,3500,3500,43.76717986904059,153.19,4.169116046157196
Kawartha Lakes Division,10200,10200,49.41967609986213,504.08,13.718702373176573
Muskoka District Municipality,-,-,-,-,-
Northumberland County,9900,9900,54.48455143890947,539.4,14.679947746570868
Parry Sound District,-,-,-,-,-
Peterborough County,5100,5100,46.180938618021685,235.52,6.409753973437841
Prince Edward Division,9200,9200,43.58117922258788,400.95,10.911985630306988
York Regional Municipality,7600,7600,55.553767785494564,422.21,11.490583496625298
Central Ontario Region,67200,67200,48.45238095238095,3256,88.6131069018071
Frontenac County,400,400,40.18924627554905,16.08,0.4376224689745264
Lanark County,600,600,39.54459798305296,23.73,0.6458197256694971
Leeds and Grenville United Counties,200,200,45.753932468504956,9.15,0.24902024820378837
Lennox and Addington County,3000,3000,40.097068489294095,120.29,3.2737317657304597
Ottawa Division,300,300,57.914425493684334,17.37,0.47273024167210975
Prescott and Russell United Counties,300,300,58.69070652217202,17.61,0.47926192031352055
Renfrew County,1300,1300,56.96811777420563,74.06,2.015567167428696
"Stormont, Dundas and Glengarry Counties",900,900,58.21452721830213,52.39,1.4258110167646418
Eastern Ontario Region,7000,7000,47.142857142857146,330,8.981058131939909
Algoma District,-,-,-,-,-
Cochrane District,-,-,-,-,-
Kenora District,-,-,-,-,-
Manitoulin District,100,100,48.02188019305964,4.8,0.13063357282821686
Nipissing District,-,-,-,-,-
Rainy River District,-,-,-,-,-
Sudbury District,-,-,-,-,-
Sudbury Regional Municipality,-,-,-,-,-
Thunder Bay District,-,-,-,-,-
Timiskaming District,1200,1200,60.136423200568146,72.16,1.96385804485086
Northern Ontario Region,1300,1300,59.23076923076923,77,2.0955802307859788
Ontario,830000,830000,70,58100,1581.2105377748749
2004,June 1 area (acres),Harvested area (acres),Yield (bu/acre),Production ('000 bu),Production ('000 tonnes)
Brant County,11700,11700,65.51078129993618,766.48,20.86000435445243
Chatham-Kent Division,88900,88900,79.41642489271575,7060.12,192.14347920748966
Elgin County,35500,35500,74.5549696036419,2646.7,72.03080775092532
Essex County,51800,51800,67.83865934056864,3514.04,95.63575005443066
Haldimand-Norfolk Regional Municipality,27300,27300,52.1101874975686,1422.61,38.71679730023949
Hamilton Division,7300,7300,56.276014400089736,410.81,11.180328761158284
Lambton County,108000,108000,77.210027164351,8338.68,226.93990855649903
Middlesex County,75500,75500,77.5939078556268,5858.34,159.43664271717833
Niagara Regional Municipality,11800,11800,46.85300997801759,552.87,15.046538210320053
Oxford County,35500,35500,78.67192378428611,2792.85,76.0083278902678
Southern Ontario Region,453300,453300,73.60247076990956,33364,908.0121924667973
Bruce County,15000,15000,77.19890264612633,1157.98,31.514805138253866
Dufferin County,7400,7400,70.47419652267064,521.51,14.193065534509035
Grey County,4700,4700,59.942280921993834,281.73,7.667374265186154
Halton Regional Municipality,7300,7300,59.574507774902685,434.89,11.835673851513173
Huron County,65000,65000,76.06645165891517,4944.32,134.56128891791857
Peel Regional Municipality,5200,5200,67.40197786854864,350.49,9.53870019595036
Perth County,48700,48700,76.33005581163846,3717.27,101.16672109732201
Simcoe County,27000,27000,71.33933439903731,1926.16,52.421075549749624
Waterloo Regional Municipality,13000,13000,70.77738236658546,920.11,25.041095144785544
Wellington County,28700,28700,69.16922684081429,1985.16,54.026779882429786
Western Ontario Region,222000,222000,73.14864864864865,16239,441.9497060744611
Durham Regional Municipality,22800,22800,69.45305239786467,1583.53,43.09628782930547
Haliburton County,-,-,-,-,-
Hastings County,3300,3300,63.39473923548488,209.2,5.693446549096451
Kawartha Lakes Division,11100,11100,62.743014434443396,696.45,18.95411495754409
Muskoka District Municipality,-,-,-,-,-
Northumberland County,9700,9700,66.12026810764716,641.37,17.4550947093403
Parry Sound District,-,-,-,-,-
Peterborough County,3100,3100,48.973940336424164,151.82,4.131831047245809
Prince Edward Division,7000,7000,73.02589994447882,511.18,13.911931199651644
York Regional Municipality,5600,5600,68.4914843719608,383.55,10.438438928804704
Central Ontario Region,62600,62600,66.72523961661342,4177,113.6784236882212
Frontenac County,800,800,48.84569157015131,39.08,1.0635750054430655
Lanark County,800,800,45.73220390208559,36.59,0.9958088395384281
Leeds and Grenville United Counties,300,300,63.56020214564836,19.07,0.5189962987154365
Lennox and Addington County,5700,5700,49.15307527306582,280.17,7.624918354016983
Ottawa Division,800,800,53.08126411310761,42.47,1.1558349662529936
Prescott and Russell United Counties,500,500,50.74474945448487,25.37,0.6904528630524712
Renfrew County,500,500,62.3328969710726,31.17,0.8483017635532333
"Stormont, Dundas and Glengarry Counties",1000,1000,46.63378186506171,46.63,1.2690507293707818
Eastern Ontario Region,10400,10400,50,520,14.151970389723493
Algoma District,100,100,43.6846035358585,4.37,0.11893098192902243
Cochrane District,-,-,-,-,-
Kenora District,-,-,-,-,-
Manitoulin District,300,300,47.87326531152254,14.36,0.39081210537774874
Nipissing District,200,200,52.0758707624244,10.42,0.28358371434792073
Rainy River District,-,-,-,-,-
Sudbury District,-,-,-,-,-
Sudbury Regional Municipality,-,-,-,-,-
Thunder Bay District,-,-,-,-,-
Timiskaming District,1100,1100,65.24499254577039,71.77,1.9532440670585673
Northern Ontario Region,1700,1700,58.8235294117647,100,2.721532767254518
Ontario,750000,750000,72.53333333333333,54400,1480.5138253864577
,,,,,
