County,Acres seeded,Acres harvested ,Yield (bushels/acre),Production ('000 bu),Production ('000 tonnes)
2019,,,,,
Brant,44500.0,44210.0,47.186365,2086.10919665,56.77414534753973
Chatham-Kent,308300.0,306300.0,51.0,15621.3,425.13879817112996
Elgin,150700.0,149720.0,48.089767566123435,7200.000000000001,195.9503592423253
Essex,236100.0,234570.0,47.7479589879138,11200.23873979494,304.8181673142538
Haldimand-Norfolk,118500.0,117730.0,48.4158668138962,5700.0,155.12736773350753
Hamilton,31000.0,30800.0,44.0,1355.2,36.88221206183323
Lambton,335500.0,333320.0,43.34,14446.088800000001,393.155040278685
Middlesex,244100.0,242510.0,48.96466,11874.419696600002,323.1662229642935
Niagara,56600.0,56230.0,43.0,2417.89,65.80366862617025
Oxford,105200.0,104520.0,53.5803130621149,5600.214321252249,152.41166778936014
Southern Ontario,1630500.0,1619910.0,47.842459411074756,77501.4607542972,2109.2276495290985
Bruce,101700.0,101440.0,39.0,3956.16,107.66819072501633
Dufferin,21400.0,21350.0,38.8,828.3799999999999,22.54463313738297
Grey,49700.0,49580.0,35.885431,1779.1996689799998,48.42150198617461
Halton,18000.0,17960.0,35.0,628.6,17.1075549749619
Huron,224800.0,224230.0,44.0,9866.12,268.50968865665146
Peel,23600.0,23540.0,38.0,894.52,24.34465490964511
Perth,134600.0,134260.0,49.97,6708.9722,182.5868767689963
Simcoe,121000.0,120700.0,33.0,3983.1,108.4013716525147
Waterloo,33700.0,33620.0,48.0,1613.76,43.91900718484651
Wellington,103400.0,103140.0,45.0,4641.3,126.31450032658394
Western Ontario,831900.0,829820.0,42.0574484454219,34900.11186898,949.8179803227738
Durham,53700.0,52560.0,32.343987823439875,1699.9999999999998,46.266057043326796
Haliburton,0.0,0.0,0.0,0.0,0.0
Hastings,29800.0,29170.0,27.42825796276614,800.0822847738883,21.774501545119975
Kawartha Lakes,35200.0,34450.0,24.4,840.58,22.876660134988025
Muskoka,0.0,0.0,0.0,0.0,0.0
Northumberland,41500.0,40620.0,36.92853098303749,1500.036928530983,40.823996530888934
Parry Sound,0.0,0.0,0.0,0.0,0.0
Peterborough,14100.0,13800.0,28.9,398.82,10.854016982364467
Prince Edward,19100.0,18700.0,26.745119015779622,500.13372559507894,13.611303222160869
York,16600.0,16250.0,34.40423436730675,559.0688084687347,15.215240813976015
Central Ontario,221400.0,216700.0,31.25980618366405,6774.0,184.35662965382105
Frontenac,14200.0,13950.0,28.0,390.6,10.630306988896146
Lanark,11900.0,11600.0,34.0,394.4,10.733725234051818
Leeds and Grenville,33600.0,33000.0,33.46,1104.18,30.050620509470935
Lennox and Addington,12800.0,12580.0,28.9,363.562,9.89445895928587
Ottawa,66400.0,65240.0,45.0,2935.8,79.89875898105814
Prescott and Russell,109500.0,107590.0,39.0,4196.01,114.1957870672763
Renfrew,28000.0,27510.0,31.5,866.565,23.583850424559113
"Stormont, Dundas and Glengarry",137200.0,135010.0,46.2,6237.462,169.754572175049
Eastern Ontario,413600.0,406480.0,40.56430574690022,16488.579,448.7420803396473
Algoma,0.0,0.0,0.0,0.0,0.0
Cochrane,0.0,0.0,0.0,0.0,0.0
Greater Sudbury,400.0,400.0,0.0,0.0,0.0
Kenora,0.0,0.0,0.0,0.0,0.0
Manitoulin,0.0,0.0,0.0,0.0,0.0
Nipissing,2100.0,2080.0,36.00576092174748,74.89198271723475,2.038209849696134
Rainy River,3000.0,2980.0,41.666666666666664,124.16666666666666,3.379236519341026
Sudbury,0.0,0.0,0.0,0.0,0.0
Thunder Bay,0.0,0.0,0.0,0.0,0.0
Timiskaming,9900.0,9820.0,26.982995621627126,264.9730170043784,7.211327482157043
Northern Ontario,17100.0,16690.0,35.23067705212702,588.0,16.002612671456564
Ontario,3114500.0,3089600.0,44.09988348006214,136251.0,3708.115610711953
,,,,,
2018,Acres seeded,Acres harvested ,Yield (bushels/acre),Production ('000 bu),Production ('000 tonnes)
Brant,53900,53708,50.27184032173978,2700,73.48138471587198
Chatham-Kent,267100,266147,52.22677693154535,13900,378.29305464837796
Elgin,121900,121465,51.86679290330548,6300,171.45656433703462
Essex,182400,181749,48.968632564690864,8900,242.2164162856521
Haldimand-Norfolk,130400,129935,60.030015007503756,7800,212.27955584585237
Hamilton,32200,32085,46.75081813931744,1500,40.822991508817765
Lambton,299400,298332,50.94994837965756,15200,413.6729806226867
Middlesex,211000,210247,54.69757000099883,11500,312.9762682342695
Niagara,60800,60583,46.217585791393624,2800,76.2029174831265
Oxford,126500,126049,56.32730128759451,7100,193.22882647507075
Southern Ontario,1485600,1480300,52.48936026481118,77700,2114.6309601567605
Bruce,112200,111634,52.85128186753139,5900,160.57043326801656
Dufferin,24900,24774,52.474368289335594,1300,35.37992597430873
Grey,55100,54822,47.42621575279997,2600,70.75985194861747
Halton,22500,22387,49.135659087863495,1100,29.936860439799695
Huron,256600,255306,53.661096879822644,13700,372.84998911386896
Peel,23700,23581,42.407022602943044,1000,27.21532767254518
Perth,103700,103177,56.214078719094374,5800,157.84890050076203
Simcoe,104800,104272,49.86957188890594,5200,141.51970389723493
Waterloo,33900,33729,56.331346912152746,1900,51.709122577835835
Wellington,95700,95218,53.5613014346027,5100,138.7981711299804
Western Ontario,833100,828900,52.59983110145976,43600,1186.5882865229698
Durham,65000,65000,49.23076923076923,3200,87.08904855214458
Haliburton,N/A,N/A,N/A,N/A,0
Hastings,25300,25300,43.47826086956522,1100,29.936860439799695
Kawartha Lakes,45400,45400,46.25550660792951,2100,57.152188112344874
Muskoka,N/A,N/A,N/A,N/A,0
Northumberland,44000,44000,43.18181818181818,1900,51.709122577835835
Parry Sound,N/A,N/A,N/A,N/A,0
Peterborough,20600,20600,38.83495145631068,800,21.772262138036144
Prince Edward,18900,18900,42.32804232804233,800,21.772262138036144
York,19200,19200,46.97916666666667,902,24.54822556063575
Central Ontario,245500,245500,45.5478615071283,11182,304.32179403440017
Frontenac,12600,12450,37.18875502008032,463,12.600696712388418
Lanark,19500,19268,49.87544114594146,961,26.153929893315915
Leeds and Grenville,37700,37251,45.01892566642506,1677,45.640104506858265
Lennox and Addington,12400,12252,45.62520404831864,559,15.213368168952755
Ottawa,75500,74600,52.211796246648795,3895,106.00370128456346
Prescott and Russell,110000,108689,48.58817359622409,5281,143.72414543871108
Renfrew,29300,28951,46.388725778038754,1343,36.550185064228174
"Stormont, Dundas and Glengarry",139200,137541,49.53432067528955,6813,185.4180274330503
Eastern Ontario,436200,431002,48.705110417121034,20992,571.3041585020684
Algoma,700,697,0,0,0
Cochrane,N/A,N/A,N/A,N/A,0
Greater Sudbury,N/A,N/A,N/A,N/A,0
Kenora,N/A,N/A,N/A,N/A,0
Manitoulin,500,498,34.1,17,0.462660570433268
Nipissing,3600,3582,42.992741485203794,154,4.1911604615719575
Rainy River,3500,3483,46.51162790697674,162,4.408883082952319
Sudbury,100,100,0,0,0
Thunder Bay,600,597,0,0,0
Timiskaming,9900,9851,43.95492843366156,433,11.784236882212062
Northern Ontario,19500,19300,42.33160621761658,817,22.23492270846941
Ontario,3020000,3005000,51.36139767054908,154341,4200.440888308295
,,,,,
2017,Acres seeded,Acres harvested ,Yield (bushels/acre),Production ('000 bu),Production ('000 tonnes)
Brant,67900,67577,47.264601861580125,3194,86.9257565861093
Chatham-Kent,224400,223333,50.23574662051735,11219.3,305.3369257565861
Elgin,101100,100619,44.596944911000904,4487.3,122.12333986501199
Essex,182900,182030,52.458935340328516,9549.1,259.88188547790116
Haldimand-Norfolk,155100,154363,44.23210225248278,6827.8,185.82081428260398
Hamilton,39200,39014,49.96667862818475,1949.4,53.05355976485957
Lambton,304500,303052,50.583398228686825,15329.4,417.19464402351406
Middlesex,200200,199248,44.79894402955111,8926.1,242.9267363379055
Niagara,91000,90567,46.39990283436572,4202.3,114.36697147833661
Oxford,106100,105596,51.680934883897116,5457.3,148.5222077073808
Southern Ontario,1472400,1465399,48.547869897550086,71142,1936.152841280209
Bruce,121700,121158,42.42724376434078,5140.4,139.8976703679512
Dufferin,29000,28871,40.60129541754702,1172.2,31.90180709775746
Grey,53900,53660,44.82668654491241,2405.4,65.46374918354017
Halton,23700,23595,35.29137529137529,832.7,22.66220335292837
Huron,169000,168248,51.62854833341258,8686.4,236.40322229479642
Peel,32200,32057,48.310821349471254,1548.7,42.14837796647072
Perth,122900,122353,50.57415837780847,6187.9,168.4057261049423
Simcoe,143400,142762,40.40711113601659,5768.6,156.99433921184414
Waterloo,31800,31658,47.60566049655695,1507.1,41.016220335292836
Wellington,103700,103238,43.69127646796722,4510.6,122.75745699978229
Western Ontario,831300,827600,45.625906234896085,37759.99999999999,1027.6507729153057
Durham,46100,46060,39.6048632218845,1824.2,49.646200740256916
Haliburton,100,100,44,4.4,0.1197474417591988
Hastings,24100,24079,39.90198928526932,960.8,26.148486827781404
Kawartha Lakes,47200,47159,40.255306516253526,1898.4,51.66557805355977
Muskoka,0,0,N/A,0,0
Northumberland,48900,48858,40.21040566539768,1964.6,53.46723274548226
Parry Sound,200,200,44,8.8,0.2394948835183976
Peterborough,17500,17485,36.62567915356019,640.4,17.42869584149793
Prince Edward,24000,23979,33.73785395554444,809,22.017200087089048
York,22600,22580,37.30292294065545,842.3,22.923470498584802
Central Ontario,230700,230500,38.8412147505423,8952.9,243.6561071195297
Frontenac,8910,8841,41.81427440334804,369.68,10.0609623339865
Lanark,23850,23665,36.95710965560955,874.59,23.802253429131287
Leeds and Grenville,42260,41933,37.07938854839863,1554.85,42.315752231656866
Lennox and Addington,16360,16233,47.53218751925091,771.59,20.999074678859134
Ottawa,66500,65985,38.95733878911874,2570.6,69.95972131504463
Prescott and Russell,111550,110686,37.02211661818116,4097.83,111.5237861963858
Renfrew,30240,30006,39.77771112444178,1193.57,32.483398650119746
"Stormont, Dundas and Glengarry",204031,202451,45.06912783834113,9124.29,248.32054212932727
Eastern Ontario,503701,499800,41.130452180872346,20557,559.4654909645112
Algoma,100,100,33.4,3.34,0.09089919442630089
Cochrane,0,0,N/A,0,0
Greater Sudbury,600,597,27.98994974874372,16.71,0.4547681254082299
Kenora,100,100,33.4,3.34,0.09089919442630089
Manitoulin,0,0,N/A,0,0
Nipissing,2700,2687,37.25716412355787,100.11,2.724526453298498
Rainy River,8000,7961,31.5739228740108,251.36,6.840844763770956
Sudbury,300,299,27.926421404682273,8.35,0.22724798606575222
Thunder Bay,600,597,27.98994974874372,16.71,0.4547681254082299
Timiskaming,24500,24380,28.264150943396228,689.08,18.753537992597433
Northern Ontario,36900,36721,29.656055118324666,1089,29.637491835401697
Ontario,3075000,3060000,45.58827902702565,139500,3796.5382103200523
,,,,,
2016,Acres seeded,Acres harvested ,Yield (bushels/acre),Production ('000 bu),Production ('000 tonnes)
Brant,49100,49100,43.54989816700611,2138.3,58.19453516220336
Chatham-Kent,202700,202700,53.78687715836211,10902.6,296.71783148269105
Elgin,108300,108300,56.38042474607572,6106,166.17679076856086
Essex,207600,207600,52.02938342967245,10801.3,293.9609187894622
Haldimand-Norfolk,146800,145700,32.706932052161974,4765.4,129.69192249074678
Hamilton,23700,23300,40.15021459227468,935.5,25.459939037666015
Lambton,242200,242200,53.5532617671346,12970.6,352.9991291095145
Middlesex,150200,150200,53.394806924101196,8019.9,218.26420640104507
Niagara,67600,66700,33.511244377811096,2235.2,60.831700413672976
Oxford,126600,126600,52.77330173775671,6681.1,181.8283257130416
Southern Ontario,1324800,1322400,49.573427102238355,65555.9,1784.1252993686041
Bruce,79800,79800,46.4937343358396,3710.2,100.97430873067711
Dufferin,30600,30400,37.48026315789474,1139.4,31.009144350097976
Grey,42800,42800,39.8411214953271,1705.2,46.40757674722404
Halton,14170,14200,34.78169014084507,493.9,13.441650337470062
Huron,192070,192100,49.05674128058303,9423.8,256.4718049205312
Peel,17600,17000,26,442,12.02917483126497
Perth,116370,116400,52.146907216494846,6069.9,165.19431743958197
Simcoe,128570,128600,36.88491446345257,4743.4,129.09318528195078
Waterloo,28610,28600,42.75874125874126,1222.9,33.2816242107555
Wellington,116540,116500,46.131330472103,5374.3,146.26333551055956
Western Ontario,767130,766400,44.78731732776618,34325,934.1661223601133
Durham,61900,61900,36.439418416801296,2255.6,61.3868930981929
Haliburton,0,0,N/A,0,0
Hastings,16300,16200,30.246913580246915,490,13.335510559547137
Kawartha Lakes,32600,32400,31.910493827160494,1033.9,28.137927280644462
Muskoka,0,0,N/A,0,0
Northumberland,42300,42300,31.79432624113475,1344.9,36.601894186806014
Parry Sound,0,0,N/A,0,0
Peterborough,25100,25100,25.900398406374503,650.1,17.69268451992162
Prince Edward,18900,14400,21.36111111111111,307.6,8.371434792074897
York,17790,17800,39.268539325842696,698.98,19.02296973655563
Central Ontario,214890,210100,32.27548786292242,6781.08,184.54931417374266
Frontenac,9740,9740,25.151950718685832,244.98,6.667210973220118
Lanark,9210,9210,43.25407166123779,398.37,10.841770084911822
Leeds and Grenville,40390,40120,39.8235294117647,1597.72,43.482473328978884
Lennox and Addington,25930,24240,29.807343234323433,722.53,19.663890703244068
Ottawa,48960,48940,46.02390682468329,2252.41,61.30007620291748
Prescott and Russell,85350,85350,46.795547744581135,3994,108.69801872414544
Renfrew,26930,26930,43.98737467508355,1184.58,32.23873285434357
"Stormont, Dundas and Glengarry",131970,131950,45.353618794998106,5984.41,162.8676790768561
Eastern Ontario,378480,376480,43.50563110922227,16379,445.75985194861744
Algoma,0,0,N/A,0,0
Cochrane,0,0,N/A,0,0
Greater Sudbury,0,0,N/A,0,0
Kenora,0,0,N/A,0,0
Manitoulin,0,0,N/A,0,0
Nipissing,2750,2740,48.32846715328467,132.42,3.603853690398432
Rainy River,0,0,N/A,0,0
Sudbury,0,0,N/A,0,0
Thunder Bay,740,740,42.7972972972973,31.67,0.8619094273895058
Timiskaming,21210,21220,37.41328934967012,793.91,21.60652079251034
Northern Ontario,24700,24700,38.78542510121458,958,26.07228391029828
Ontario,2710000,2700000,45.92418743148351,124000,3374.700631395602
,,,,,
2015,Acres seeded ,Acres harvested,Yield (cwt/ac),Production ('000 cwt),Production ('000 tonnes)
Brant,37973.81116471399,37973.81116471399,43.1,1637,44.551491399956454
Chatham-Kent,224844.9345279118,224844.9345279118,48.68,10945,297.871761376007
Elgin,119917.29841488629,119917.29841488627,43,5156,140.32222947964294
Essex,178876.63680220538,178876.63680220538,45,8049,219.05617243631613
Haldimand-Norfolk,171881.46106133703,171881.46106133703,38,6531,177.74330502939256
Hamilton,32977.25706409373,32977.25706409373,41,1352,36.79512301328108
Lambton,327773.9490006892,327773.9490006892,45.9,15045,409.4546048334422
Middlesex,172880.77188146106,172880.77188146106,46,7953,216.4435009797518
Niagara,87939.35217091661,87939.35217091661,39.1,3438,93.56629653821032
Oxford,91936.59545141281,91936.59545141281,45,4137,112.5898105813194
Southern Ontario,1447002.067539628,1447002.067539628,44.39731044008382,64243,1748.3942956673197
Bruce,97932.46037215713,97932.46037215715,47.8,4681,127.39494883518398
Dufferin,19986.216402481048,19986.216402481048,41.5,829,22.561506640539953
Grey,30978.635423845626,30978.635423845626,44.5,1379,37.5299368604398
Halton,19986.216402481048,19986.216402481048,36,720,19.595035924232526
Huron,185871.81254307373,185871.81254307373,47.3,8792,239.2771608970172
Peel,26981.392143349414,26981.39214334941,39.6,1068,29.06596995427825
Perth,106926.25775327362,106926.2577532736,49,5239,142.5811016764642
Simcoe,124913.85251550654,124913.85251550654,45.3,5659,154.01153929893317
Waterloo,29979.324603721572,29979.324603721572,46,1379,37.5299368604398
Wellington,137904.89317711923,137904.89317711923,46.9,6468,176.0287393860222
Western Ontario,781461.061337009,781461.061337009,46.34140047623247,36214,985.575876333551
Durham,56960.71674707099,56960.716747071,40.1,2284,62.159808404093184
Haliburton,0,0,0,,0
Hastings,0,0,,0,0
Kawartha Lakes,28980.01378359752,28980.01378359752,39.8,1153,31.37927280644459
Muskoka,0,0,0,,0
Northumberland,60957.96002756719,60957.96002756719,40.3,2457,66.8680600914435
Parry Sound,0,0,0,,0
Peterborough,40971.74362508615,40971.74362508615,39.4,1614,43.925538863487915
Prince Edward,30978.635423845626,30978.635423845626,41.8,1295,35.243849335946
York,24982.77050310131,24982.77050310131,38.4,959,26.099499237970825
Central Ontario,243831.84011026882,243831.84011026882,40.03578858111927,9762,265.676028739386
Frontenac,7994.486560992419,7994,41.1,329,8.953842804267364
Lanark,15988.973121984838,15980,47.6,761,20.71086435880688
Leeds and Grenville,37973.81116471399,37974,46.6,1770,48.17112998040496
Lennox and Addington,15988.973121984838,15988.97312198484,41.6,665,18.098192902242545
Ottawa,54962.09510682288,54962.09510682288,54.9,3017,82.1086435880688
Prescott and Russell,110923.50103376982,110923.50103376982,52,5768,156.97801001524059
Renfrew,34975.878704341834,34975.878704341834,48,1679,45.69453516220335
"Stormont, Dundas and Glengarry",133907.649896623,133907.649896623,54.4,7285,198.26366209449162
Eastern Ontario,412715.3687112336,412706.0978635424,51.54757855560947,21274,578.9788809057261
Algoma,371.32733096392207,371,26,9.646,0.2625190507293708
Cochrane,0,0,0,0,0
Greater Sudbury,676.3462099700009,676,28,18.928,0.5151317221859352
Kenora,0,0,0,0,0
Manitoulin,278.4954982229416,278,25,6.95,0.189146527324189
Nipissing,1746.122568223205,1700,39.5,67.15,1.8275092532114088
Rainy River,0,0,33,0,0
Sudbury,0,0,39,0,0
Thunder Bay,333.7525415211442,300,33,9.9,0.26943174395819725
Timiskaming,11683.549234971977,11684,34,397.256,10.811452209884607
Northern Ontario,15089.59338387319,15009,33.96828569524952,509.83,13.875190507293707
Ontario,2900099.931082012,2900010.066850448,45.51805923327759,132002.83,5987.5
,,,,,
2014,Acres seeded,Acres harvested ,Yield (bushels/acre),Production ('000 bu),Production ('000 tonnes)
Brant,50966.796875,50900,45,2291,62.350315697801
Chatham-Kent,226852.2135416667,226700,51,11562,314.66361854996734
Elgin,121920.57291666666,121800,48,5846,159.10080557369912
Essex,183880.20833333334,183800,51,9374,255.11648160243848
Haldimand-Norfolk,183880.20833333334,183800,44,8087,220.09035488787285
Hamilton,47968.75,47900,44,2108,57.369910733725234
Lambton,303802.0833333333,303600,34.4,10444,284.23688221206186
Middlesex,197871.09375,197800,45,8901,242.24363161332462
Niagara,89941.40625,89900,47,4225,114.98475941650338
Oxford,104931.640625,104900,52,5455,148.45961245373394
Southern Ontario,1512014.9739583335,1511100,45.1942293693336,68293,1858.6163727411279
Bruce,123919.27083333334,123300,47,5795,157.71282386239932
Dufferin,17988.28125,17900,44,788,21.4456782059656
Grey,51966.14583333333,51800,43,2227,60.60853472675811
Halton,16988.932291666668,16900,44,744,20.248203788373612
Huron,177884.11458333334,177100,49,8678,236.17461354234706
Peel,31979.166666666664,31800,47,1495,40.68691487045504
Perth,129915.36458333334,129300,50,6465,175.94709340300457
Simcoe,111927.08333333334,111400,47,5236,142.49945569344655
Waterloo,39973.958333333336,39800,48,1910,51.98127585456129
Wellington,126917.31770833334,126400,47,5941,161.6862617025909
Western Ontario,829459.6354166669,825700,47.57054620322151,39279,1068.990855649902
Durham,64957.68229166667,64800,44,2851,77.5908991944263
Haliburton,,,,0,0
Hastings,28981.119791666664,28900,44,1272,34.617896799477464
Kawartha Lakes,36975.911458333336,36900,44,1624,44.19769214021337
Muskoka,,,,0,0
Northumberland,45970.052083333336,45900,43,1974,53.72305682560418
Parry Sound,,,,0,0
Peterborough,30979.817708333336,30900,39,1205,32.79446984541694
Prince Edward,29980.46875,29900,34,1017,27.677988242978447
York,30979.817708333336,30900,42,1298,35.32549531896364
Central Ontario,268824.8697916667,268200,41.91275167785235,11241,305.9274983670803
Frontenac,16988.932291666668,16900,44,744,20.248203788373612
Lanark,21985.677083333332,21900,44,964,26.235575876333552
Leeds and Grenville,40973.307291666664,40700,42,1709,46.51099499237971
Lennox and Addington,20986.328125,20900,43,899,24.466579577618116
Ottawa,67955.72916666667,67500,46,3105,84.50359242325278
Prescott and Russell,89000,88500,45,3983,108.39865011974744
Renfrew,43971.354166666664,43700,42,1835,49.9401262791204
"Stormont, Dundas and Glengarry",144905.59895833334,144000,47,6768,184.19333768778577
Eastern Ontario,446766.9270833334,444100,45.05066426480522,20007,544.4970607446114
Algoma,,,,0,0
Cochrane,,,,0,0
Greater Sudbury,1000,1000,37.5,38,1.0341824515567168
Kenora,,,,0,0
Manitoulin,,,,0,0
Nipissing,,,,0,0
Rainy River,,,,0,0
Sudbury,,,,0,0
Thunder Bay,1000,1000,28,28,0.762029174831265
Timiskaming,7000,7000,38.6,270,7.348138471587198
Northern Ontario,8999.348958333334,9000,29.3,264,7.184846505551927
Ontario,3070000,3060000,45.48052712468526,139300,3791.095144785543
,,,,,
2013,Acres seeded,Acres harvested ,Yield (bushels/acre),Production ('000 bu),Production ('000 tonnes)
Brant,46619.96032399524,46589.68024909129,42.35904423119716,1973.4943263885905,53.70929475257431
Chatham-Kent,187609.03363377537,187487.17991378915,47.36461989273658,8880.259011377739,241.67915881171726
Elgin,106732.72353617272,106663.39969203135,44.711292482964026,4769.058460857709,129.79148870176653
Essex,120987.73125236621,120909.14865514133,47.99987851773096,5803.624447129057,157.94754101701113
Haldimand-Norfolk,148802.4569582409,148705.80845165113,39.708700758021884,5904.914448786336,160.70418160206663
Hamilton,14158.81725778877,14149.620981255337,46.63001614845195,659.7970548504109,17.956593045134195
Lambton,270973.7490683694,270797.7492313517,45.81883378238295,12407.637060674726,337.67790824827796
Middlesex,167725.8385524455,167616.89914281495,45.41716481331974,7612.684333866818,207.18169861383674
Niagara,63612.21391087923,63570.89721758646,41.7775779740853,2655.83811539028,72.27950455558133
Oxford,104477.47550596668,104409.61646528731,49.877520069329215,5207.692740678333,141.7290643554957
Southern Ontario,1231700,1230900,45.393614428466975,55875,1520.6564337034617
Bruce,125938.75360343834,125379.58698044972,45.868437828181904,5750.965790335883,156.51441841758881
Dufferin,15671.114239290768,15601.534671628491,41.414315132652355,646.1268734438243,17.584554578810806
Grey,33753.32998884338,33603.46559043975,39.305856979689345,1320.813012519737,35.94635892988616
Halton,5479.871212177937,5455.540646784423,46.50461770550031,253.70783215552748,6.9047417852037745
Huron,215768.49131056585,214810.48168142987,49.38504429472742,10608.425152809146,288.7117666233711
Peel,19650.581866375145,19563.333508045493,43.24960821957755,846.1065096919012,23.027065907138613
Perth,90718.47850666026,90315.68950154619,46.50028220342667,4199.705049218957,114.29634904253639
Simcoe,79332.14049852868,78979.90670370565,43.43557592250939,3430.5377339815154,93.36320852333756
Waterloo,26973.80605452517,26854.04266470989,46.827795123016124,1257.5156081277687,34.223699328537144
Wellington,84913.43271959446,84536.41805126055,45.342546160300465,3833.096437715739,104.31897555289949
Western Ontario,698200,695099.9999999999,46.248021867357224,32147,874.8911386893099
Durham,42969.609413504186,42821.87499999999,42.64996932426394,1826.3516551574646,49.70475874040564
Haliburton,0,0,0,0,0
Hastings,13420.098160013144,13373.958333333334,44.332622645999855,592.9026480749919,16.136039845280642
Kawartha Lakes,37250.989814358465,37122.916666666664,37.546421597308495,1393.8326800884167,37.9336131093081
Muskoka,0,0,0,0,0
Northumberland,44635.75447675374,44482.29166666667,44.088834549500035,1961.1723976742712,53.37394942505637
Parry Sound,511.13233119763436,509.37500000000006,41.104931539102246,20.93782450273021,0.5698297545920479
Peterborough,13840.292837194022,13792.708333333334,40.30145967472806,555.866278701119,15.128082916969273
Prince Edward,19395.851815344176,19329.166666666668,43.00142952573118,831.181798207779,22.62088499368003
York,31576.27115163463,31467.708333333332,41.93996917771189,1319.7547175932275,35.91755708668701
Central Ontario,203600,202900.00000000003,41.902414982750116,8502,231.3847158719791
Frontenac,18242.487251728875,18227.25132139614,34.22718926265083,623.8675807153281,16.97876063344568
Lanark,19101.867417980302,19085.91374251985,46.84844165089603,894.1453163204758,24.334457770533305
Leeds and Grenville,35335.99785782476,35306.485610170675,47.391335965491834,1673.2215213124014,45.53727197127154
Lennox and Addington,6633.536684750972,6627.996425827182,35.175343588875904,233.14205158431258,6.345037328116497
Ottawa,42369.951335366844,42334.56440496426,46.13428692568402,1953.0749411324707,53.15357449195707
Prescott and Russell,125893.96698255991,125788.82168719586,45.20285702252952,5686.014121758775,154.74673747438425
Renfrew,21538.868838335624,21520.87980534147,40.05367111662082,861.9902418634738,23.45934688285091
"Stormont, Dundas and Glengarry",90083.32363145272,90008.08700258458,49.32383714793629,4439.544225312763,120.82365080864258
Eastern Ontario,359200,358900.00000000006,45.59765951518528,16365,445.3788373612018
Algoma,899.1082031340954,898.357277574685,36.73524045580635,33.001370606929626,0.8981431147106909
Cochrane,0,0,0,0,0
Greater Sudbury,0,0,0,0,0
Kenora,485.1002398304887,484.69508929610913,40.878850325668346,19.813778008922096,0.5392384609438846
Manitoulin,314.68787109693346,314.42504715113984,34.99369677706186,11.002894759120364,0.29944738621599076
Nipissing,740.1960556034182,739.5778517707873,35.088925728176676,25.950992310989616,0.7062647591712828
Rainy River,0,0,0,0,0
Sudbury,0,0,0,0,0
Thunder Bay,0,0,0,0,0
Timiskaming,4865.639043472186,4861.575313758819,24.589782100934514,119.54507763261171,3.253458459411379
Northern Ontario,7300,7300,28.63013698630137,209,5.688003483561942
Ontario,2500000,2495100,45.32804296420985,113098,3077.9991291095143
,,,,,
2012,Acres seeded,Acres harvested ,Yield (bushels/acre),Production ('000 bu),Production ('000 tonnes)
Brant,43818.83074691629,43264.083979829156,44.06606505926985,1906.477939384866,51.88542182083785
Chatham-Kent,265905.8178985438,262539.4479997016,56.44915633889271,14820.130345261749,403.33470349612855
Elgin,113559.3114049584,112121.6495641304,54.89796046579661,6155.249885131532,167.5171425302507
Essex,176712.84507609176,174475.65896597103,52.18314640910151,9104.688856645731,247.78709059018428
Haldimand-Norfolk,138588.59989954485,136834.06705512805,40.1584701565767,5495.046798236374,149.54949918997318
Hamilton,41817.64705882353,41288.23529411765,44.73360414091986,1846.9715733242147,50.265936569894805
Lambton,262988.83828539157,259659.39737307126,53.44929895094108,13878.61275561449,377.7109937844135
Middlesex,178323.04249045547,176065.47126747883,52.07121885883017,9167.943687851965,249.50859154833347
Niagara,122543.36193443001,120991.96193807347,34.38994440938851,4160.906845033198,113.24044320251464
Oxford,77541.7052048444,76560.02656249865,48.74438373489102,3731.8713135158832,101.56410062910633
Southern Ontario,1421800.0000000002,1403800,50.05549223536117,70267.90000000001,1912.3639233616375
Bruce,98769.53394559171,96164.3568502625,42.89795572476901,4125.254322463448,112.27014811842609
Dufferin,22479.44509164942,21886.519994921357,44.691518840867275,978.1418207140462,26.620450160952704
Grey,37813.86624908952,36816.47551226336,41.70204699716904,1535.3223920825296,41.78430198352193
Halton,25988.0454805664,25302.576407930697,33.283381371508106,842.155300266881,22.91953244793384
Huron,127271.91901349626,123914.95381332429,46.49220144560747,5761.078994812218,156.78965259123171
Peel,20895.454727702425,20344.309471888162,45.96311959316178,935.0879292966896,25.448724398451166
Perth,88115.90962246542,85791.73595967382,49.62322266078275,4257.262415981976,115.86279163896081
Simcoe,109393.38128342603,106507.98616293081,45.49599117773138,4845.686398826636,131.87694314246232
Waterloo,32154.060239809864,31305.954372420307,42.64326907931232,1334.9882360877932,36.33214228412239
Wellington,89218.38434620295,86865.13145438468,44.542869212137404,3869.22218946778,105.30214972424831
Western Ontario,652100.0000000001,634900,44.86407308237517,28484.199999999997,775.2068364903113
Durham,36521.08455125507,34123.5814292051,46.20704345294014,1576.7498098692213,42.91176273321417
Haliburton,0,0,0,0,0
Hastings,25612.38294871649,23931.004401578655,36.52251738761012,874.0205243596309,23.78675496297711
Kawartha Lakes,27481.27369402773,25677.207897819684,38.320575144952954,983.9653747609786,26.77894009255875
Muskoka,0,0,0,0,0
Northumberland,35242.8279403569,32929.23865200232,35.44631701787995,1167.2202324163002,31.76628109123395
Parry Sound,0,0,0,0,0
Peterborough,14864.706862823154,13888.882033142638,33.46129841636244,464.7400263806405,12.64805210049642
Prince Edward,40798.519124688646,38120.214847082105,27.582946933226484,1051.467863210258,28.61604243441808
York,38133.204878132005,35629.870739169506,49.23498549419267,1754.2361690029704,47.74211215444618
Central Ontario,218654,204300,38.533529123837496,7872.4,214.24994556934465
Frontenac,12445.081585859316,11904.918136101858,35.68242378362434,424.79633404174166,11.560971425041958
Lanark,15960.109584369027,15267.380670370143,36.53741077573056,557.8305590227625,15.181541449563534
Leeds and Grenville,32147.413960885497,30752.095022548947,38.87499931347737,1195.4876728895813,32.53558874617846
Lennox and Addington,24565.59918293657,23499.35958390563,30.986532840037363,728.1636774665385,19.817213081497346
Ottawa,67692.3637563416,64754.26001820227,39.80621926265249,2577.622272475371,70.15083476146775
Prescott and Russell,64635.62010999215,61830.19056781089,41.51257236220138,2566.730260114951,69.8544050760655
Renfrew,28954.353439247592,27697.62536307237,27.893025865953096,772.5705806776562,21.02576150331091
"Stormont, Dundas and Glengarry",103799.45838036823,99294.17063798789,46.16382425936425,4583.798643311398,124.74958206268774
Eastern Ontario,350200,335000,40.02089552238806,13407,364.8758981058132
Algoma,0,0,0,0,0
Cochrane,0,0,0,0,0
Greater Sudbury,0,0,0,0,0
Kenora,0,0,0,0,0
Manitoulin,523.486867148839,508.94556528359345,34.990285271315585,17.808150516843902,0.48465465155791154
Nipissing,1135.3635325466312,1103.825656642558,31.567996138377698,34.8455640663345,0.9483334439999591
Rainy River,0,0,0,0,0
Sudbury,0,0,0,0,0
Thunder Bay,1098.3631518842788,1067.8530643319377,36.48892812558695,38.96481371309586,1.0604401729015855
Timiskaming,4540.768937952037,4414.63646745337,40.06705263452003,176.88147170372574,4.8138872116189235
Northern Ontario,7200,7000,38.357142857142854,268.5,7.307315480078381
Ontario,2649954,2585000,46.53771760154739,120300.00000000001,3274.0039190071852
,,,,,
2011,Acres seeded(a),Acres harvested ,Yield (bushels/acre),Production ('000 bu),Production ('000 tonnes)
Brant,44159,27355,46,1258.33,34.24586327019377
Chatham-Kent,207404,207404,49,10162.796,276.58382320923147
Elgin,100176,100176,47.86222217056906,4794.645968158927,130.4878610972928
Essex,160530,160530,47,7544.91,205.33719790986282
Haldimand-Norfolk,152870,152870,42.6,6512.262,177.23334421946439
Hamilton,31828,31828,42,1336.776,36.380796864794256
Lambton,236154,236154,46,10863.084,295.6423905943828
Middlesex,164463,164463,49.435951630997984,8130.384913088822,221.27108951363005
Niagara,76938,76938,43.63911201226962,3357.506,91.37562595253647
Oxford,78480,78480,51.8,4065.264,110.6374918354017
Southern Ontario,1253002,1236197.5045159739,46.93906826810064,58025.959057330954,1579.1954892589526
Bruce,95924,95924,41.6,3990.4384,108.6010886131069
Dufferin,16048,16953.834049011733,40.2,681.5441287702718,18.54844678778227
Grey,31317,28007.231957998003,40.08061387633554,1122.547049853483,30.550485789611447
Halton,19594,19594,40.1,785.7194000000001,21.383610929675594
Huron,170504,165979,47,7801.013,212.30712497278466
Peel,22676,22676,42.3,959.1948000000001,26.10480078380144
Perth,106537,106537,46.75166655715854,4980.7823,135.55362236011322
Simcoe,91546,91546,41.2,3771.6952,102.64792074896582
Waterloo,30749,27871,43.12953891855104,1202.063379198936,32.71454874806597
Wellington,92119,92119,42.784505397281535,3941.2658526921773,107.26284162563078
Western Ontario,677014,667207.2057116071,43.81886659043694,29236.263535255126,795.6744920328523
Durham,44171,44171,46.1,2036.2831,55.41811180056608
Haliburton,N/A,N/A,N/A,N/A,N/A
Hastings,20583,20517.70734406728,43.59556166409163,894.4809757240708,24.343592851188518
Kawartha Lakes,29256,29256,45.3,1325.2968,36.06838667537557
Muskoka,0,N/A,N/A,N/A,N/A
Northumberland,38999,25076.858566673687,44.6,1118.4278920736465,30.438381560898282
Parry Sound,N/A,N/A,N/A,N/A,N/A
Peterborough,16480,14933.535964915964,41,612.2749745615545,16.663264058391967
Prince Edward,19595,19595,34,666.23,18.131667755279775
York,24468,24468,40.23656562017229,984.5082875943757,26.79371564321728
Central Ontario,194216,189794.64582825307,42.48110906625069,8062.68704962044,219.42866997660678
Frontenac,8363,8363,39.75791400237607,332.49543480187106,9.048972207758302
Lanark,13808,10081,43.9,442.5559,12.044303831918137
Leeds and Grenville,25595,25595,44.5,1138.9775,30.997645874156323
Lennox and Addington,13941,13941,40.3,561.8223,15.290177988242979
Ottawa,57224,57224,41.5,2379.066,64.74706074461136
Prescott and Russell,81778,81778,39,3189.342,86.79898758981058
Renfrew,21638,21638,32.428328117069846,701.6841637971573,19.0965644403755
"Stormont, Dundas and Glengarry",108291,108291,41.9,4537.392900000001,123.48663455258003
Eastern Ontario,330638,326911.4724267218,40.63282602070332,13283.33698328694,361.5103685849918
Algoma,N/A,N/A,N/A,N/A,N/A
Cochrane,332,N/A,N/A,N/A,N/A
Greater Sudbury,N/A,N/A,N/A,N/A,N/A
Kenora,N/A,N/A,N/A,N/A,N/A
Manitoulin,1093,N/A,N/A,N/A,N/A
Nipissing,1968,1968,34.945333948607406,68.77241721085937,N/A
Rainy River,211,N/A,N/A,N/A,N/A
Sudbury,483,N/A,N/A,N/A,N/A
Thunder Bay,680,208.8893825194965,26.134087066120312,5.459133309952632,N/A
Timiskaming,4827,4827,44.17014549742155,213.20929231605382,N/A
Northern Ontario,10000,9889.17151744383,39.61437758618104,391.7533745065269,10.661696454020436
Ontario,2464870,2430000,44.855967078189295,109000,2966.4707163074245
,,,,,
2010,Acres seeded,Acres harvested ,Yield (bushels/acre),Production ('000 bu),Production ('000 tonnes)
Brant,40000,40000,49,1960,53.34204223818855
Chatham-Kent,210000,210000,47,9870,268.6152841280209
Elgin,120000,120000,46,5520,150.2286087524494
Essex,220000,220000,42,9240,251.46962769431744
Haldimand-Norfolk,150000,150000,46,6900,187.78576094056172
Hamilton,34000,34000,47,1598,43.490093620727194
Lambton,300000,300000,40,12000,326.5839320705421
Middlesex,140000,140000,45,6300,171.45656433703462
Niagara,80000,80000,46,3680,100.15240583496626
Oxford,70000,70000,54,3780,102.87393860222078
Southern Ontario,1364000,1364000,44.6099706744868,60848,1655.998258219029
Bruce,100000,99800,49,4890,133.08295231874592
Dufferin,14000,14000,45,630,17.14565643370346
Grey,17000,17000,45,765,20.81972566949706
Halton,19000,19000,42,798,21.71783148269105
Huron,160000,159700,50,7985,217.31439146527325
Peel,19000,19000,48,912,24.8203788373612
Perth,90000,89800,51,4580,124.64620074025692
Simcoe,85000,84800,48,4070,110.76638362725888
Waterloo,30000,30000,49,1470,40.00653167864141
Wellington,85000,84900,47,3990,108.58915741345525
Western Ontario,619000,618000,48.689320388349515,30090,818.9092096668844
Durham,53000,53000,48,2544,69.23579359895493
Haliburton,N/A,N/A,N/A,N/A,N/A
Hastings,14000,14000,49,686,18.669714783365993
Kawartha Lakes,25000,25000,47,1175,31.978010015240585
Muskoka,N/A,N/A,N/A,N/A,N/A
Northumberland,27000,27000,46,1242,33.80143696930111
Parry Sound,N/A,N/A,N/A,N/A,N/A
Peterborough,13000,13000,43,559,15.213368168952755
Prince Edward,20000,20000,34,680,18.50642281733072
York,26000,26000,42,1092,29.719137818419334
Central Ontario,178000,178000,44.82022471910113,7978,217.12388417156544
Frontenac,7000,6900,45,311,8.46396690616155
Lanark,10000,9900,51,505,13.743740474635315
Leeds and Grenville,16000,15900,47,747,20.32984977139125
Lennox and Addington,13000,12900,43,555,15.104506858262573
Ottawa,44000,43700,49,2141,58.26801654691923
Prescott and Russell,70000,69500,47,3267,88.9124755062051
Renfrew,16000,15900,44,700,19.050729370781625
"Stormont, Dundas and Glengarry",97000,96300,48,4622,125.7892445025038
Eastern Ontario,273000,271000,47.40959409594096,12848,349.66252993686044
Algoma,N/A,N/A,N/A,N/A,N/A
Cochrane,N/A,N/A,N/A,N/A,N/A
Greater Sudbury,N/A,N/A,N/A,N/A,N/A
Kenora,N/A,N/A,N/A,N/A,N/A
Manitoulin,N/A,N/A,N/A,N/A,N/A
Nipissing,N/A,N/A,N/A,N/A,N/A
Rainy River,N/A,N/A,N/A,N/A,N/A
Sudbury,N/A,N/A,N/A,N/A,N/A
Thunder Bay,N/A,N/A,N/A,N/A,N/A
Timiskaming,N/A,N/A,N/A,N/A,N/A
Northern Ontario,6000,6000,39.3,236,6.422817330720662
Ontario,2440000,2437000,45.95814526056627,112000,3048.11669932506
,,,,,
2009,Acres seeded,Acres harvested ,Yield (bushels/acre),Production ('000 bu),Production ('000 tonnes)
Brant,52000,51900,41,2128,57.914217287176136
Chatham-Kent,200000,199600,47,9381,255.30698889614632
Elgin,100000,99800,43,4291,116.78097104289135
Essex,165000,164600,47,7736,210.5377748748095
Haldimand-Norfolk,160000,159700,40,6388,173.8515131722186
Hamilton,28000,28000,40,1120,30.4811669932506
Lambton,260000,259500,43,11159,303.6958414979316
Middlesex,160000,159800,41,6552,178.314826910516
Niagara,60000,59900,38,2276,61.94208578271282
Oxford,130000,129800,44,5711,155.4267363379055
Southern Ontario,1315000,1312600,43.22870638427548,56742,1544.2521227955585
Bruce,100000,99800,36,3593,97.78467232745483
Dufferin,19000,19000,28,532,14.478554321794034
Grey,21000,21000,28,588,16.002612671456564
Halton,16000,16000,36,576,15.676028739386023
Huron,175000,174500,38,6631,180.46483779664706
Peel,19000,19000,37,703,19.13237535379926
Perth,100000,99800,42,4192,114.08665360330939
Simcoe,70000,69900,34,2377,64.69083387763989
Waterloo,33000,32900,39,1283,34.91726540387546
Wellington,75000,74800,35,2618,71.24972784672327
Western Ontario,628000,626700,36.84857188447423,23093,628.4835619420858
Durham,58000,58000,33,1914,52.09013716525147
Haliburton,N/A,N/A,N/A,N/A,N/A
Hastings,12000,12000,36,432,11.757021554539516
Kawartha Lakes,45000,45000,34,1530,41.63945133899412
Muskoka,N/A,N/A,N/A,N/A,N/A
Northumberland,24000,24000,33,792,21.55453951665578
Parry Sound,N/A,N/A,N/A,N/A,N/A
Peterborough,10000,10000,32,320,8.708904855214456
Prince Edward,23000,23000,33,759,20.65643370346179
York,29000,29000,32,928,25.255824080121926
Central Ontario,201000,201000,33.208955223880594,6675,181.66231221423905
Frontenac,4000,4000,40,160,4.354452427607228
Lanark,9000,9000,39,351,9.552580013063357
Leeds and Grenville,14000,13900,37,514,13.98867842368822
Lennox and Addington,9000,9000,39,351,9.552580013063357
Ottawa,35000,34800,40,1392,37.88373612018289
Prescott and Russell,72000,71600,34,2434,66.24210755497496
Renfrew,13000,12900,34,439,11.947528848247334
"Stormont, Dundas and Glengarry",95000,94500,42,3969,108.01763553233181
Eastern Ontario,251000,249700,38.486183420104126,9610,261.53929893315916
Algoma,N/A,N/A,N/A,N/A,N/A
Cochrane,N/A,N/A,N/A,N/A,N/A
Greater Sudbury,N/A,N/A,N/A,N/A,N/A
Kenora,N/A,N/A,N/A,N/A,N/A
Manitoulin,N/A,N/A,N/A,N/A,N/A
Nipissing,N/A,N/A,N/A,N/A,N/A
Rainy River,N/A,N/A,N/A,N/A,N/A
Sudbury,N/A,N/A,N/A,N/A,N/A
Thunder Bay,N/A,N/A,N/A,N/A,N/A
Timiskaming,N/A,N/A,N/A,N/A,N/A
Northern Ontario,5000,5000,26,130,3.5379925974308732
Ontario,2400000,2395000,40.18789144050104,96250,2619.4752884824734
,,,,,
2008,Acres seeded,Acres harvested ,Yield (bushels/acre),Production ('000 bu),Production ('000 tonnes)
Brant,32000,31900,47,1499.3,40.80394077944698
Chatham-Kent,172000,171700,43,7383.1,200.9334857391683
Elgin,82000,81900,44,3603.6,98.0731548007838
Essex,179000,178700,35,6254.5,170.21826692793383
Haldimand-Norfolk,145000,144800,43,6226.4,169.45351622033527
Hamilton,38000,37900,45,1705.5,46.4157413455258
Lambton,243000,242500,44.2,10718.5,291.70748965817546
Middlesex,152000,151700,49,7433.3,202.29969518833008
Niagara,51000,50900,47,2392.3,65.10722839102984
Oxford,67000,66900,49,3278.1,89.21456564337035
Southern Ontario,1161000,1158900,43.571145051341794,50494.600000000006,1374.2270846940999
Bruce,72000,71900,42.1,3026.99,82.38052471151752
Dufferin,10500,10500,41,430.5,11.7161985630307
Grey,16000,16000,40,640,17.417809710428912
Halton,21000,21000,42,882,24.003919007184848
Huron,132000,131800,48.2,6352.76,172.8924450250381
Peel,22000,22000,45,990,26.943174395819725
Perth,91000,90900,48.9,4445.01,120.97240365774005
Simcoe,74000,73900,44,3251.6,88.4933594600479
Waterloo,15500,15500,48,744,20.248203788373612
Wellington,81000,80900,44,3559.6,96.8756803831918
Western Ontario,535000,534400,45.51358532934132,24322.46,661.9437187023732
Durham,41000,40800,40,1632,44.41541476159373
Haliburton,N/A,N/A,N/A,N/A,N/A
Hastings,7500,7500,40.9,306.75,8.348301763553232
Kawartha Lakes,31000,30900,38,1174.2,31.95623775310255
Muskoka,N/A,N/A,N/A,N/A,N/A
Northumberland,24000,23900,41,979.9,26.66829958632702
Parry Sound,N/A,N/A,N/A,N/A,N/A
Peterborough,8000,8000,35,280,7.62029174831265
Prince Edward,13000,12900,46,593.4,16.14957544088831
York,30000,29900,39,1166.1,31.735793598954928
Central Ontario,154500,153900,39.84632878492528,6132.35,166.89391465273243
Frontenac,3500,3500,45,157.5,4.286414108425865
Lanark,9000,8900,43,382.7,10.41530590028304
Leeds and Grenville,16000,15900,43,683.7,18.60711952971914
Lennox and Addington,5000,5000,44,220,5.9873720879599395
Ottawa,52000,51600,43,2218.8,60.38536903984325
Prescott and Russell,74000,73500,36,2646,72.01175702155454
Renfrew,8000,7900,42,331.8,9.03004572175049
"Stormont, Dundas and Glengarry",80000,79500,42,3339,90.87197909862834
Eastern Ontario,247500,245800,40.600081366965014,9979.5,271.5953625081646
Algoma,N/A,N/A,N/A,N/A,N/A
Cochrane,N/A,N/A,N/A,N/A,N/A
Greater Sudbury,N/A,N/A,N/A,N/A,N/A
Kenora,N/A,N/A,N/A,N/A,N/A
Manitoulin,N/A,N/A,N/A,N/A,N/A
Nipissing,N/A,N/A,N/A,N/A,N/A
Rainy River,N/A,N/A,N/A,N/A,N/A
Sudbury,N/A,N/A,N/A,N/A,N/A
Thunder Bay,N/A,N/A,N/A,N/A,N/A
Timiskaming,N/A,N/A,N/A,N/A,N/A
Northern Ontario,2000,2000,35.7,71.4,1.9431743958197258
Ontario,2100000,2095000,43.43690214797136,91000.31,2476.6032549531897
,,,,,
2007,Acres seeded,Acres harvested ,Yield (bushels/acre),Production ('000 bu),Production ('000 tonnes)
Brant,40000,39700,26,1032.2,28.091661223601132
Chatham-Kent,240000,238400,42,10012.8,272.5016329196603
Elgin,100000,99300,34,3376.2,91.88438928804702
Essex,210000,208600,42,8761.2,238.43892880470284
Haldimand-Norfolk,145000,144000,25,3600,97.97517962116264
Hamilton,27000,26800,23,616.4,16.775527977356848
Lambton,310000,308000,35,10780,293.38123231003703
Middlesex,160000,158900,34,5402.6,147.0335292836926
Niagara,65000,64600,19,1227.4,33.40409318528195
Oxford,66000,65600,35,2296,62.486392336163725
Southern Ontario,1363000,1353900,34.791934411699536,47104.8,1281.972566949706
Bruce,68000,67500,29,1957.5,53.274003919007185
Dufferin,15000,14900,22,327.8,8.92118441106031
Grey,16000,15900,21,333.9,9.087197909862834
Halton,17000,16900,18,304.2,8.278902677988242
Huron,175000,173800,33,5735.4,156.0907903331156
Peel,13000,12900,19,245.1,6.670476812540823
Perth,99000,98300,34,3342.2,90.95906814718049
Simcoe,64000,63600,24,1526.4,41.54147615937296
Waterloo,20000,19900,28,557.2,15.164380579142174
Wellington,71000,70500,26,1833,49.88569562377531
Western Ontario,558000,554200,29.164020209310713,16162.699999999999,439.8731765730459
Durham,25000,24800,23,570.4,15.523622904419769
Haliburton,N/A,N/A,N/A,N/A,N/A
Hastings,6000,6000,29,174,4.735467015022861
Kawartha Lakes,22000,21900,22,481.8,13.112344872632267
Muskoka,N/A,N/A,N/A,N/A,N/A
Northumberland,23000,22800,26,592.8,16.13324624428478
Parry Sound,N/A,N/A,N/A,N/A,N/A
Peterborough,8000,7900,24,189.6,5.160026126714565
Prince Edward,16000,15900,21,333.9,9.087197909862834
York,13000,12900,21,270.9,7.372632266492488
Central Ontario,113000,112200,23.292335115864528,2613.4,71.12453733942957
Frontenac,4000,4000,28,112,3.04811669932506
Lanark,4000,4000,33,132,3.5924232527759634
Leeds and Grenville,11000,10900,33,359.7,9.7893533638145
Lennox and Addington,8000,7900,22,173.8,4.730023949488352
Ottawa,36000,35800,41,1467.8,39.94665795776181
Prescott and Russell,58000,57600,36,2073.6,56.433703461789676
Renfrew,5000,5000,32,160,4.354452427607228
"Stormont, Dundas and Glengarry",75000,74500,40,2980,81.10167646418464
Eastern Ontario,201000,199700,37.35052578868302,7458.9,202.9964075767472
Algoma,N/A,N/A,N/A,N/A,N/A
Cochrane,N/A,N/A,N/A,N/A,N/A
Greater Sudbury,N/A,N/A,N/A,N/A,N/A
Kenora,N/A,N/A,N/A,N/A,N/A
Manitoulin,N/A,N/A,N/A,N/A,N/A
Nipissing,N/A,N/A,N/A,N/A,N/A
Rainy River,N/A,N/A,N/A,N/A,N/A
Sudbury,N/A,N/A,N/A,N/A,N/A
Thunder Bay,N/A,N/A,N/A,N/A,N/A
Timiskaming,N/A,N/A,N/A,N/A,N/A
Northern Ontario,5000,5000,32.1,160.5,4.368060091443501
Ontario,2240000,2225000,33.03384269662921,73500.29999999999,2000.334748530372
,,,,,
2006,Acres seeded (2006 Census),Acres harvested ,Yield (bushels/acre),Production ('000 bu),Production ('000 tonnes)
Brant,39897,39400,46,1812.4,49.32505987372088
Chatham-Kent,223370,220700,48,10593.6,288.3082952318746
Elgin,106611,105300,47,4949.1,134.69137818419335
Essex,169888,167800,45,7551,205.50293925538864
Haldimand-Norfolk,128675,127100,43,5465.3,148.73993032876118
Hamilton,26898,26600,43,1143.8,31.12889179185717
Lambton,235701,232900,49,11412.1,310.5840409318528
Middlesex,160960,159000,50,7950,216.36185499673417
Niagara,61684,60900,45,2740.5,74.58360548661005
Oxford,69896,69100,52,3593.2,97.79011539298932
Southern Ontario,1223580,1208800,47.32875579086697,57210.99999999999,1557.016111473982
Bruce,67128,66300,46,3049.8,83.00130633572829
Dufferin,17669,17500,37,647.5,17.621924667973
Grey,18126,17900,40,716,19.486174613542346
Halton,18617,18400,37,680.8,18.528195079468755
Huron,164307,162300,49,7952.7,216.43533638145004
Peel,16263,16100,37,595.7,16.212170694535164
Perth,97736,96600,51,4926.6,134.0790333115611
Simcoe,68143,67300,37,2490.1,67.76888743740474
Waterloo,25869,25600,44,1126.4,30.655345090354892
Wellington,81716,80700,47,3792.9,103.2250163291966
Western Ontario,575574,568700,45.68049938456128,25978.5,707.0133899412149
Durham,36749,36300,40,1452,39.5166557805356
Haliburton,0,N/A,N/A,N/A,N/A
Hastings,N/A,12100,35,423.5,11.525691269322882
Kawartha Lakes,19219,19000,39,741,20.166557805355975
Muskoka,0,N/A,N/A,N/A,N/A
Northumberland,26562,26200,40,1048,28.521663400827347
Parry Sound,N/A,N/A,N/A,N/A,N/A
Peterborough,8099,8000,36,288,7.838014369693012
Prince Edward,16810,16600,34,564.4,15.360330938384498
York,23078,22800,35,798,21.71783148269105
Central Ontario,142740,141000,37.69432624113475,5314.9,144.64674504681037
Frontenac,4562,4500,36,162,4.408883082952319
Lanark,5045,5000,41,205,5.579142172871761
Leeds and Grenville,13237,13100,38,497.8,13.54779011539299
Lennox and Addington,8185,8100,26,210.6,5.731548007838014
Ottawa,38037,37600,48,1804.8,49.118223383409536
Prescott and Russell,51632,51000,46,2346,63.84715871979099
Renfrew,5229,5200,46,239.2,6.509906379272806
"Stormont, Dundas and Glengarry",83678,82700,47,3886.9,105.78325713041585
Eastern Ontario,209605,207200,45.136583011583014,9352.3,254.52590899194425
Algoma,N/A,N/A,N/A,N/A,N/A
Cochrane,0,N/A,N/A,N/A,N/A
Greater Sudbury,N/A,N/A,N/A,N/A,N/A
Kenora,N/A,N/A,N/A,N/A,N/A
Manitoulin,0,N/A,N/A,N/A,N/A
Nipissing,477,N/A,N/A,N/A,N/A
Rainy River,N/A,N/A,N/A,N/A,N/A
Sudbury,N/A,N/A,N/A,N/A,N/A
Thunder Bay,296,N/A,N/A,N/A,N/A
Timiskaming,2458,N/A,N/A,N/A,N/A
Northern Ontario,4385,4300,33.3,143.19,3.896962769431744
Ontario,2155884,2130000,46.00933802816901,97999.89,2667.0991182233834
,,2130000,,,
2005,Acres seeded,Acres harvested ,Yield (bushels/acre),Production ('000 bu),Production ('000 tonnes)
Brant County,44700,44700,46,2061,56.1
Chatham-Kent Division,240300,240300,43,10226,278.3
Elgin County,122200,122200,42,5134,139.7
Essex County,178400,178400,39,6974,189.8
Haldimand-Norfolk Regional Municipality,141800,139900,39,5504,149.8
Hamilton Division,29100,29100,43,1243,33.8
Lambton County,261000,259800,43,11113,302.5
Middlesex County,153800,153800,43,6649,180.9
Niagara Regional Municipality,60800,60800,36,2186,59.5
Oxford County,79800,79800,50,3966,107.9
Southern Ontario Region,1311900,1308800,42.1,55056,1498.4
Bruce County,70400,70400,37,2591,70.5
Dufferin County,38400,38400,37,1437,39.1
Grey County,18800,18800,36,678,18.5
Halton Regional Municipality,23200,23200,32,746,20.3
Huron County,163000,163000,46,7569,206
Peel Regional Municipality,21400,21000,38,806,21.9
Perth County,83500,83500,49,4123,112.2
Simcoe County,77100,77100,36,2772,75.4
Waterloo Regional Municipality,34800,34800,43,1503,40.9
Wellington County,64800,64800,40,2578,70.2
Western Ontario Region,595400,595000,41.7,24803,675
Durham Regional Municipality,42000,42000,35,1473,40.1
Haliburton County,N/A,N/A,N/A,N/A,N/A
Hastings County,10000,10000,30,302,8.2
Kawartha Lakes Division,29800,29800,31,934,25.4
Muskoka District Municipality,N/A,N/A,N/A,N/A,N/A
Northumberland County,26800,26800,33,891,24.2
Parry Sound District,100,100,36,4,0.1
Peterborough County,10900,10900,31,338,9.2
Prince Edward Division,23000,23000,29,677,18.4
York Regional Municipality,25300,25300,34,858,23.3
Central Ontario Region,167900,167900,32.6,5477,149.1
Frontenac County,4900,4900,30,146,4
Lanark County,7600,7600,27,204,5.5
Leeds and Grenville United Counties,13300,11400,39,439,12
Lennox and Addington County,11200,10000,23,231,6.3
Ottawa Division,48000,46000,39,1785,48.6
Prescott and Russell United Counties,56300,56300,44,2462,67
Renfrew County,4300,4300,29,124,3.4
"Stormont, Dundas and Glengarry Counties",101200,99800,42,4171,113.5
Eastern Ontario Region,246800,240300,39.8,9562,260.2
Algoma District,N/A,N/A,N/A,N/A,N/A
Cochrane District,N/A,N/A,N/A,N/A,N/A
Kenora District,N/A,N/A,N/A,N/A,N/A
Manitoulin District,N/A,N/A,N/A,N/A,N/A
Nipissing District,500,500,36,18,0.5
Rainy River District,100,100,26,3,0.1
Sudbury District,N/A,N/A,N/A,N/A,N/A
Sudbury Regional Municipality,N/A,N/A,N/A,N/A,N/A
Thunder Bay District,100,100,26,3,0.1
Timiskaming District,2300,2300,34,78,2.1
Northern Ontario Region,3000,3000,34,102,2.8
Ontario,2325000,2315000,41,95000,2585.5
,,,,,
2004,Acres seeded,Acres harvested ,Yield (bushels/acre),Production ('000 bu),Production ('000 tonnes)
Brant County,48000,45200,35.591688735817996,1608.74,43.78238623993033
Chatham-Kent Division,245800,244800,43.86399987560006,10737.91,292.2357391682996
Elgin County,111300,111300,40.650425731583354,4524.39,123.13275636838668
Essex County,182100,182100,40.734774090620135,7417.8,201.87785760940562
Haldimand-Norfolk Regional Municipality,148900,147500,35.27201423487023,5202.62,141.59100805573698
Hamilton Division,28400,27500,32.44514636532483,892.24,24.28260396255171
Lambton County,257100,257100,42.93702848239368,11039.11,300.4329958632702
Middlesex County,158900,156900,41.093724286182606,6447.61,175.473818854779
Niagara Regional Municipality,61700,60000,37.952946962860366,2277.18,61.97419986936642
Oxford County,84600,83600,41.93310697389643,3505.61,95.40632484215111
Southern Ontario Region,1326800,1316000,40.77051671732523,53654,1460.211190942739
Bruce County,85300,84200,39.14747424410942,3296.22,89.70770738079686
Dufferin County,24600,24000,29.96028257391939,719.05,19.56918136294361
Grey County,23900,23400,32.360471133179104,757.24,20.608534726758112
Halton Regional Municipality,23500,22700,32.59214919648164,739.84,20.134988025255826
Huron County,162900,162900,44.40907809003335,7234.24,196.88221206183323
Peel Regional Municipality,16100,15300,37.334113085051705,571.21,15.545667319834532
Perth County,89200,89200,43.819413585315566,3908.69,106.37627912040061
Simcoe County,63700,62700,33.62920775928518,2108.55,57.384879163945136
Waterloo Regional Municipality,35400,34600,38.5899522838972,1335.21,36.338177661659046
Wellington County,77800,76600,37.06809852861325,2839.42,77.27574569997823
Western Ontario Region,602400,595600,39.471121558092676,23509,639.8051382538646
Durham Regional Municipality,44000,43100,34.23558559774187,1475.55,40.157576747224034
Haliburton County,N/A,N/A,N/A,N/A,N/A
Hastings County,11800,11300,37.87401535347732,427.98,11.647615937295885
Kawartha Lakes Division,22200,21400,34.519177852978416,738.71,20.10423470498585
Muskoka District Municipality,N/A,N/A,N/A,N/A,N/A
Northumberland County,30800,30300,38.10996636898382,1154.73,31.426355323318095
Parry Sound District,100,100,30.246901115867402,3.02,0.08219028957108644
Peterborough County,9300,8700,34.686095774141805,301.77,8.212769431743958
Prince Edward Division,20700,20300,37.2256336791789,755.68,20.566078815588938
York Regional Municipality,24400,23100,32.399515125416045,748.43,20.368767689962986
Central Ontario Region,163300,158300,35.42008843967151,5607,152.5963422599608
Frontenac County,3400,3400,32.479286609106126,110.43,3.0053886348791643
Lanark County,4800,4800,32.773807509666355,157.31,4.281243196168082
Leeds and Grenville United Counties,19400,18500,31.817022350886663,588.61,16.01921402133682
Lennox and Addington County,10800,10800,33.946591405185416,366.62,9.977683431308513
Ottawa Division,36700,35700,35.57545722345958,1270.04,34.56455475723928
Prescott and Russell United Counties,56700,56700,37.88869603962651,2148.29,58.46641628565208
Renfrew County,6100,6100,32.84557408238271,200.36,5.4528630524711525
"Stormont, Dundas and Glengarry Counties",90300,90300,36.33947510369842,3281.45,89.30573699107337
Eastern Ontario Region,228200,226300,35.89041095890411,8122,221.04289135641193
Algoma District,N/A,N/A,N/A,N/A,N/A
Cochrane District,N/A,N/A,N/A,N/A,N/A
Kenora District,100,100,30.05687122877383,3.01,0.08191813629436098
Manitoulin District,100,100,30.8994070112333,3.09,0.0840953625081646
Nipissing District,1400,1000,27.387747781169914,27.39,0.7454278249510125
Rainy River District,200,200,26.12958490786331,5.23,0.14233616372741129
Sudbury District,N/A,N/A,N/A,N/A,N/A
Sudbury Regional Municipality,N/A,N/A,N/A,N/A,N/A
Thunder Bay District,300,200,30.184368455566872,6.04,0.16438057914217288
Timiskaming District,2200,2200,28.90132806406691,63.58,1.7303505334204223
Northern Ontario Region,4300,3800,28.42105263157895,108,2.939255388634879
Ontario,2325000,2300000,39.56521739130435,91000,2476.5948182016114
