County,Acres seeded ,Acres harvested,Yield (bushels/ac),Production ('000 bushels),Production ('000 tonnes)
2019,,,,,
Brant,40600.0,39800.0,152.08542713567837,6052.999999999999,153.7543182280024
Chatham-Kent,191400.0,187800.0,186.92758253461128,35105.0,891.7140825035561
Elgin,140400.0,137800.0,173.78809869375908,23948.0,608.3113188376346
Essex,40600.0,39800.0,166.8844221105528,6642.000000000001,168.71570818939242
Haldimand-Norfolk,72300.0,70900.0,172.8,12251.52,311.20503962609223
Hamilton,17200.0,16900.0,160.0,2704.0,68.68522657996341
Lambton,96300.0,94500.0,151.94999999999996,14359.274999999998,364.74484352773817
Middlesex,207100.0,203200.0,175.0,35560.0,903.2716927453769
Niagara,19100.0,18700.0,159.0,2973.3,75.52580776264986
Oxford,135400.0,132900.0,180.0,23922.0,607.6508839666734
Southern Ontario,960400.0,942300.0,173.53082351692663,163518.09499999997,4153.578921967079
Bruce,65800.0,64200.0,143.86894000000004,9236.385948000001,234.61659083519612
Dufferin,17100.0,16700.0,136.57423,2280.789641,57.93511585551716
Grey,50700.0,49400.0,129.37665,6391.206510000001,162.3452171814672
Halton,10400.0,10100.0,163.66798,1653.046598,41.98960064011379
Huron,199200.0,194300.0,163.10000000000002,31690.33,804.9768847795164
Peel,12700.0,12400.0,150.25097000000002,1863.112028,47.32554429993903
Perth,119500.0,116600.0,176.10295000000002,20533.60397,521.5810803190408
Simcoe,76900.0,75000.0,116.50678999999998,8738.00925,221.95715428774636
Waterloo,39500.0,38500.0,167.09826000000004,6433.283010000001,163.41401671408252
Wellington,89200.0,87000.0,152.32448000000002,13252.22976,336.6244096728307
Western Ontario,681000.0,664200.0,153.67659848690158,102071.99671500002,2592.7656145854503
Durham,64300.0,63800.0,123.82445141065828,7899.999999999999,200.67059540743747
Haliburton,0.0,0.0,0.0,0.0,0.0
Hastings,24900.0,24700.0,110.64367000000001,2732.898649,69.41929102316602
Kawartha Lakes,21900.0,21700.0,93.21601900000002,2022.7876123,51.38151829658606
Muskoka,0.0,0.0,0.0,0.0,0.0
Northumberland,34400.0,34100.0,126.09970674486803,4300.0,109.22576712050396
Parry Sound,0.0,0.0,0.0,0.0,0.0
Peterborough,11300.0,11200.0,105.49879999999999,1181.58656,30.013883357041248
Prince Edward,10500.0,10400.0,102.29482000000002,1063.8661280000001,27.023626498679132
York,13600.0,13500.0,133.33333333333337,1800.0000000000002,45.72241414346678
Central Ontario,197600.0,196000.0,127.75510204081633,25040.0,636.0495834180044
Frontenac,8400.0,8000.0,114.125,913.0,23.19142450721398
Lanark,11700.0,11100.0,153.69369369369372,1706.0,43.334688071530174
Leeds and Grenville,26100.0,24800.0,145.32258064516128,3604.0,91.5464336516968
Lennox and Addington,9900.0,9400.0,119.46808510638297,1123.0,28.525706157285104
Ottawa,57300.0,54300.0,146.46408839779005,7953.0,202.01686649055068
Prescott and Russell,80200.0,76100.0,144.66491458607095,11009.0,279.6433651696809
Renfrew,23600.0,22400.0,93.13999999999999,2086.336,52.995732574679934
"Stormont, Dundas and Glengarry",141900.0,134600.0,153.0,20593.8,523.1101402154034
Eastern Ontario,359100.0,340700.0,143.78672145582624,48988.136,1244.364356838041
Algoma,0.0,0.0,0.0,0.0,0.0
Cochrane,0.0,0.0,0.0,0.0,0.0
Greater Sudbury,0.0,0.0,0.0,0.0,0.0
Kenora,0.0,0.0,0.0,0.0,0.0
Manitoulin,0.0,0.0,0.0,0.0,0.0
Nipissing,0.0,0.0,0.0,0.0,0.0
Rainy River,2300.0,2300.0,116.52173913043478,268.0,6.8075594391383865
Sudbury,0.0,0.0,0.0,0.0,0.0
Thunder Bay,0.0,0.0,0.0,0.0,0.0
Timiskaming,200.0,200.0,94.635066,18.927013199999998,0.4807715200162568
Northern Ontario,4400.0,4300.0,126.97674418604652,546.0,13.869132290184922
Ontario,2202500.0,2147500.0,158.39964037951106,340163.227715,8640.602207757569
,,,,,
2018,Acres seeded ,Acres harvested,Yield (bushels/ac),Production ('000 bushels),Production ('000 tonnes)
Brant,45500,43700,158.51258581235697,6927,175.95509042877464
Chatham-Kent,173500,166500,180.24024024024024,30010,762.2942491363543
Elgin,113200,108600,174.25414364640883,18924,480.69498069498064
Essex,61900,59400,167.03703703703704,9922,252.03210729526518
Haldimand-Norfolk,71100,68200,160.08797653958945,10918,277.3318431213168
Hamilton,29400,28200,120.46099290780143,3397,86.28835602519813
Lambton,125800,120700,178.92294946147473,21596,548.567364356838
Middlesex,173100,166100,178.25406381697772,29608,752.0829099776468
Niagara,21000,20200,166.980198019802,3373,85.67872383661857
Oxford,137500,132000,182.18939393939394,24049,610.8768542979069
Southern Ontario,952000,913600,173.73467600700525,158724,4031.8024791709
Bruce,76300,73300,168.25375170532058,12333,313.27474090631983
Dufferin,11800,11300,155.30973451327435,1755,44.5793537898801
Grey,41800,40100,157.98004987531172,6335,160.9174964438122
Halton,10500,10100,172.87128712871285,1746,44.35074171916277
Huron,219900,211200,164.7774621212121,34801,883.9920747815485
Peel,10300,9900,165.65656565656568,1640,41.658199552936395
Perth,112900,108400,171.71586715867159,18614,472.8205649258281
Simcoe,63700,61200,166.22549019607843,10173,258.4078439341597
Waterloo,37800,36300,171.84573002754823,6238,158.45356634830318
Wellington,80800,77600,167.96391752577318,13034,331.08108108108104
Western Ontario,665800,639400,166.82671254300908,106669,2709.535663483032
Durham,72700,71100,153.30520393811534,10900,276.87461897988214
Haliburton,N/A,N/A,N/A,N/A,0
Hastings,19800,19400,134.02061855670104,2600,66.04348709611867
Kawartha Lakes,24700,24100,145.22821576763488,3500,88.90469416785206
Muskoka,N/A,N/A,N/A,N/A,0
Northumberland,38600,37700,145.88859416445624,5500,139.7073765494818
Parry Sound,N/A,N/A,N/A,N/A,0
Peterborough,12300,12000,133.33333333333334,1600,40.6421459053038
Prince Edward,14100,13800,144.92753623188406,2000,50.80268238162975
York,17900,17500,148.57142857142858,2600,66.04348709611867
Central Ontario,203800,199200,147.85140562248998,29452,748.1203007518797
Frontenac,7700,7600,139.60526315789474,1061,26.95082300345458
Lanark,14400,14200,161.9718309859155,2300,58.42308473887421
Leeds and Grenville,23100,22700,131.67400881057267,2989,75.92460881934566
Lennox and Addington,5900,5800,143.2758620689655,831,21.10851452956716
Ottawa,63400,62300,164.33386837881218,10238,260.0589311115627
Prescott and Russell,68400,67300,150.50520059435362,10129,257.29018492176385
Renfrew,17800,17500,125.71428571428572,2200,55.88295061979272
"Stormont, Dundas and Glengarry",129300,127100,158.78048780487805,20181,512.624466571835
Eastern Ontario,330000,324500,153.864406779661,49929,1268.263564316196
Algoma,N/A,N/A,N/A,N/A,0
Cochrane,N/A,N/A,N/A,N/A,0
Greater Sudbury,N/A,N/A,N/A,N/A,0
Kenora,N/A,N/A,N/A,N/A,0
Manitoulin,300,300,73.33333333333333,22,0.5588295061979273
Nipissing,300,300,120,36,0.9144482828693354
Rainy River,1200,1200,166.66666666666666,200,5.080268238162975
Sudbury,N/A,N/A,N/A,N/A,0
Thunder Bay,300,300,143.3,43,1.0922576712050396
Timiskaming,900,900,111.1111111111111,100,2.5401341190814875
Northern Ontario,3200,3200,125,400,10.16053647632595
Ontario,2155000,2080000,165.95,345176,8767.933346880714
,,,,,
2017,Acres seeded ,Acres harvested,Yield (bushels/ac),Production ('000 bushels),Production ('000 tonnes)
Brant,55700,54500,172.102752293578,9379.6,238.2544198333672
Chatham-Kent,141200,138100,182.4076755973932,25190.5,639.872485267222
Elgin,107500,105100,180.0637488106565,18924.7,480.71276163381424
Essex,59200,57900,185.52849740932643,10742.1,272.86374720585246
Haldimand-Norfolk,83000,81200,157.82142857142858,12815.1,325.5207274944117
Hamilton,28400,27800,168.78776978417267,4692.3,119.19071326966063
Lambton,139100,136000,184.48529411764707,25090,637.3196504775452
Middlesex,177300,173400,179.23356401384083,31079.1,789.4508230034545
Niagara,19700,19300,173.68911917098447,3352.2,85.15037593984961
Oxford,136200,133300,184.9842460615154,24658.4,626.3564316195896
Southern Ontario,947300,926600,179.0675588171811,165924,4214.692135744767
Bruce,51200,49500,170.7919191919192,8454.2,214.74801869538712
Dufferin,21700,21000,134.34761904761905,2821.3,71.66480390164601
Grey,31700,30600,157.86601307189542,4830.7,122.7062588904694
Halton,7800,7500,142.34666666666666,1067.6,27.118471855313956
Huron,147500,142500,173.5038596491228,24724.3,628.0303800040641
Peel,12900,12500,164.472,2055.9,52.2226173541963
Perth,125500,121300,168.92910140148393,20491.1,520.5014224751067
Simcoe,80900,78200,157.5613810741688,12321.3,312.9775452143873
Waterloo,38900,37600,173.16489361702128,6511,165.38813249339563
Wellington,86900,84000,170.35238095238094,14309.6,363.4830319040845
Western Ontario,605000,584700,166.900974858902,97587,2478.8406827880513
Durham,70200,66500,118.8781954887218,7905.4,200.8077626498679
Haliburton,0,,N/A,0,0
Hastings,15000,14200,126.06338028169014,1790.1,45.470940865677704
Kawartha Lakes,16700,15800,159.22784810126583,2515.8,63.904694167852064
Muskoka,0,,N/A,0,0
Northumberland,43500,41200,154.39320388349515,6361,161.57793131477342
Parry Sound,300,,N/A,46,1.1684616947774842
Peterborough,16300,15400,152.24025974025975,2344.5,59.55344442186547
Prince Edward,9700,9200,131.58695652173913,1210.6,30.750863645600482
York,16500,15600,158.69230769230768,2475.6,62.8835602519813
Central Ontario,188200,177900,138.55536818437324,24649,626.1176590123958
Frontenac,2000,2000,136.65,273.3,6.9421865474497055
Lanark,14300,14000,152.0142857142857,2128.2,54.05913432229221
Leeds and Grenville,28200,27500,131.44727272727272,3614.8,91.8207681365576
Lennox and Addington,9600,9400,123.2127659574468,1158.2,29.41983336720179
Ottawa,55800,54500,143.3834862385321,7814.4,198.49624060150373
Prescott and Russell,68000,66400,146.4593373493976,9724.9,247.02550294655555
Renfrew,18400,18000,147.3388888888889,2652.1,67.36689697216012
"Stormont, Dundas and Glengarry",179900,175700,160.4268639726807,28187,715.9876041454988
Eastern Ontario,376200,367500,151.1643537414966,55552.9,1411.1181670392195
Algoma,0,0,N/A,4,0.1016053647632595
Cochrane,200,188,69.68085106382979,13.1,0.33275756959967484
Greater Sudbury,100,94,97.87234042553192,9.2,0.23369233895549682
Kenora,0,0,N/A,0,0
Manitoulin,200,188,94.14893617021276,17.7,0.44960373907742324
Nipissing,100,94,125.53191489361703,11.8,0.29973582605161553
Rainy River,600,564,89.71631205673759,50.6,1.2853078642552327
Sudbury,0,0,N/A,0,0
Thunder Bay,200,188,92.02127659574468,17.3,0.4394432026010973
Timiskaming,1900,1785,90.36414565826331,161.3,4.097236334078439
Northern Ontario,3300,3100,91.93548387096774,285,7.239382239382239
Ontario,2120000,2060100,166.98116596281733,344000,8738.061369640316
,,,,,
2016,Acres seeded ,Acres harvested,Yield (bushels/ac),Production ('000 bushels),Production ('000 tonnes)
Brant,57050.14761313795,56953.41011514674,136.31861601728812,7763.810044361822,197.2111878775102
Chatham-Kent,145112.51165874003,142561.90546693784,186.26610677684954,26554.451106015775,674.5186726787181
Elgin,116515.04215132339,115885.32456940104,180.0145640115146,20861.04617769359,529.8985515569394
Essex,60756.34042749998,60663.25148641382,167.0239709635199,10132.217154819487,257.37190496899734
Haldimand-Norfolk,65335.95234241109,65235.846664952325,127.97352891690367,8348.46150959597,212.06211922363266
Hamilton,21272.65932326635,20808.68912456784,148.94369035497493,3099.322949662567,78.72695970490162
Lambton,123259.51905609811,119971.74631870686,179.07996869176407,21484.536574650287,545.7360438592331
Middlesex,165294.56477891433,162841.28347190944,179.38966349632497,29212.043045335497,742.0250722753377
Niagara,20029.08801031879,19998.400075846715,126.8876110943611,2537.54921133348,64.45715330556492
Oxford,134274.17463829,132780.14270611736,176.45381115750294,23429.562226531525,595.1423040675555
Southern Ontario,908900,897700,170.90676172440686,153423.00000000003,3897.149969518391
Bruce,51275.44880335457,51242.53296280967,146.96831518665917,7531.028735440984,191.2982304267675
Dufferin,18107.110018385778,18095.486312304143,152.1948663019039,2754.040119969061,69.95631274052684
Grey,23700.179540963793,23570.584757287295,147.33886259219423,3472.8631487716207,88.21538175095561
Halton,11315.77586223812,11308.511795660143,138.07511898886568,1561.4241117727652,39.66226660670507
Huron,179322.75500212898,177854.9139715012,171.93398958523284,30579.304926458568,776.7553578149402
Peel,9936.486844454736,9791.21740672855,115.01476519223765,1126.1345709810344,28.605328464261184
Perth,114259.08761795252,114185.73996334181,176.954377149389,20205.666494555247,513.2510286160142
Simcoe,77818.29512610055,77213.94430319873,133.59129577919023,10315.110871686542,262.01765067279365
Waterloo,32996.65759477899,32556.468988352157,147.55564717613458,4803.890851346057,122.02527055847534
Wellington,76468.20358964195,76380.5995388163,156.08068332796532,11921.53616901812,302.8230077478693
Western Ontario,595200,592200,159.18777440054035,94271,2394.609835399309
Durham,69300.3260225252,66702.98687834713,137.837985139864,9194.205314122155,233.5451461624201
Haliburton,0,0,N/A,0,0
Hastings,11241.962062833432,9964.201628091012,89.45400413662387,891.3377336574076,22.641173888879486
Kawartha Lakes,20870.088915234144,20268.831320201458,108.26829061783735,2194.4717198594954,55.742524889745354
Muskoka,0,0,N/A,0,0
Northumberland,46566.502667457025,45426.813812395325,114.5970129907166,5205.777172585932,132.23372212421083
Parry Sound,0,0,N/A,0,0
Peterborough,15457.551867219918,15379.680148209038,93.26628336395399,1434.405606749842,36.43582622307056
Prince Edward,14338.844101956134,12646.96067184826,64.55977105239093,816.4848854831158,20.739811153300035
York,19224.724362774155,19010.52554090778,131.99622294198974,2509.3175675420534,63.74003168924135
Central Ontario,197000,189400.00000000003,117.45512143611403,22246,565.0782361308677
Frontenac,4134.57683256341,4129.01690073792,101.77218151018036,420.21905748050193,10.674127653944877
Lanark,6546.413318225399,6529.445370149964,145.6854668521535,951.2452970359298,24.16290634616769
Leeds and Grenville,27929.416891833,27891.85908117115,133.87260557756358,3733.9558495986103,94.84748652709332
Lennox and Addington,12421.24989104855,12404.54653653892,80.0464133872131,992.9394599447166,25.221994003879207
Ottawa,42239.25738690839,42182.45655796239,152.29525197512208,6424.187850424523,163.1829874625209
Prescott and Russell,70940.69554606467,70367.07926684122,153.69885976741054,10815.33984847649,274.7241375857673
Renfrew,20112.263575350822,20085.217805284454,138.61694346343992,2784.151500965992,70.72118220295651
"Stormont, Dundas and Glengarry",137276.12655800575,134910.37848131396,153.93894354057974,20767.961136073234,527.5340666549795
Eastern Ontario,321600,318500,147.22135007849295,46890,1191.0688884373094
Algoma,0,0,N/A,0,0
Cochrane,0,0,N/A,0,0
Greater Sudbury,0,0,N/A,0,0
Kenora,0,0,N/A,0,0
Manitoulin,0,0,N/A,0,0
Nipissing,0,0,N/A,0,0
Rainy River,0,0,N/A,0,0
Sudbury,0,0,N/A,0,0
Thunder Bay,0,0,N/A,0,0
Timiskaming,2300,2300,74.34782608695652,171,4.343629343629344
Northern Ontario,2300,2300,74.34782608695652,171,4.343629343629344
Ontario,2025000,2000000,158.5,317000,8052.225157488315
,,,,,
2015,Acres seeded ,Acres harvested,Yield (bushels/ac),Production ('000 bushels),Production ('000 tonnes)
Brant,42143.5546875,42000,159.86809768237674,6714,170.54460475513108
Chatham-Kent,132451.171875,131900,192.9129486566513,25445,646.3371266002845
Elgin,122416.9921875,121900,172.3009202893361,21003,533.5043690306848
Essex,56191.40625,56000,188,10528,267.425320056899
Haldimand-Norfolk,84287.109375,83900,160.97340573471956,13506,343.0705141231457
Hamilton,29099.12109375,29000,168.36,4882,124.00934769355821
Lambton,141481.93359375,140900,175,24658,626.3462710831132
Middlesex,135461.42578125,134900,175,23608,599.6748628327575
Niagara,21071.77734375,21000,151,3171,80.54765291607396
Oxford,143488.76953125,143000,178,25454,646.5657386710018
Southern Ontario,908093.26171875,904500,175.7534549474848,158969,4038.0258077626495
Bruce,58198.2421875,57600,162,9331,237.0199146514936
Dufferin,16054.6875,15900,141.1,2243,56.97520829099776
Grey,27092.28515625,26800,151.7,4066,103.28185328185327
Halton,14047.8515625,13900,123.3,1714,43.53789880105669
Huron,193659.66796875,191900,169.4,32508,825.7467994310099
Peel,12041.015625,11900,153,1821,46.25584230847389
Perth,117399.90234375,116300,171.7,19969,507.2393822393822
Simcoe,62211.9140625,61600,164.5,10133,257.3917902865271
Waterloo,43146.97265625,42700,155.2,6627,168.33468807153017
Wellington,85290.52734375,84500,159.5,13478,342.3592765698029
Western Ontario,629143.06640625,623100,163.52110415663617,101890,2588.1426539321274
Durham,48164.0625,47800,157.2105180317548,7515,190.89107904897378
Haliburton,,,,0,0
Hastings,14047.8515625,13900,153.35331624268719,2132,54.15565941881731
Kawartha Lakes,13044.43359375,12900,151.67740898497146,1957,49.71042471042471
Muskoka,,,,0,0
Northumberland,37126.46484375,36900,159.4,5882,149.4106888843731
Parry Sound,,,,0,0
Peterborough,17058.10546875,16900,141.1,2385,60.582198740093474
Prince Edward,18061.5234375,17900,148.11652290687465,2651,67.33895549685023
York,18061.5234375,17900,152,2721,69.11704938020728
Central Ontario,165563.96484375,164200,153.7332521315469,25243,641.2060556797398
Frontenac,5017.08984375,5000,142.2,711,18.060353586669375
Lanark,12041.015625,11900,183.78516953046037,2187,55.55273318431213
Leeds and Grenville,27092.28515625,26800,155,4154,105.51717130664498
Lennox and Addington,7023.92578125,6900,149.65228900654003,1033,26.239585450111765
Ottawa,48164.0625,47600,184.7,8792,223.32859174964437
Prescott and Russell,85290.52734375,84300,187.49996773319222,15806,401.4935988620199
Renfrew,17058.10546875,16900,152.40088465464444,2576,65.43385490753911
"Stormont, Dundas and Glengarry",129440.91796875,128000,180.93170009330353,23159,588.2696606380816
Eastern Ontario,331127.9296875,327400,178.43005497861944,58418,1483.8955496850233
Algoma,0,,,0,0
Cochrane,0,,,0,0
Greater Sudbury,0,,,0,0
Kenora,0,,,0,0
Manitoulin,0,,,0,0
Nipissing,0,,,0,0
Rainy River,0,,,0,0
Sudbury,0,,,0,0
Thunder Bay,0,,,0,0
Timiskaming,,,,0,0
Northern Ontario,21072,20800,167.30769230769232,3480,88.39666734403576
Ontario,2055000.22265625,2040000,170.58823529411765,348000,8839.666734403576
,,,,,
2014,Acres seeded ,Acres harvested,Yield (bushels/ac),Production ('000 bushels),Production ('000 tonnes)
Brant,46180,45850,157.9,7240,183.90571022149967
Chatham-Kent,132100,131150,176.69,23173,588.6252794147531
Elgin,104190,103440,171,17688,449.2989229831335
Essex,46090,45760,185,8466,215.04775452143872
Haldimand-Norfolk,67460,66970,161,10782,273.87726071936595
Hamilton,24270,24090,151.89,3659,92.94350741719163
Lambton,109090,108300,176.79,19146,486.33407843934157
Middlesex,154360,153240,170.39,26111,663.2544198333671
Niagara,12140,12050,151.8,1829,46.459053038000405
Oxford,147920,146850,167,24524,622.9424913635439
Southern Ontario,843800,837700,170.24949265846962,142618,3622.688477951636
Bruce,46650,46150,142,6553,166.45498882340988
Dufferin,9410,9310,135.8,1264,32.10729526519
Grey,30690,30360,145,4402,111.81670392196708
Halton,4500,4450,155.8228421554602,693,17.603129445234707
Huron,160950,159220,167.1,26606,675.8280837228206
Peel,6730,6660,153,1019,25.883966673440355
Perth,96260,95230,158,15046,382.1885795570006
Simcoe,56300,55690,149,8298,210.78032920138182
Waterloo,45530,45040,154.4,6954,176.64092664092664
Wellington,91970,90980,150.09,13655,346.8553139605771
Western Ontario,549000,543100,155.5727411662892,84490,2146.1593172119487
Durham,55010,54800,152,8330,211.5931721194879
Haliburton,0,0,0,0,0
Hastings,13660,13600,138,1877,47.67831741515952
Kawartha Lakes,20020,19900,157.84253699335193,3141,79.78561268034952
Muskoka,0,0,0,0,0
Northumberland,37050,36900,150.5,5553,141.053647632595
Parry Sound,0,0,0,0,0
Peterborough,7700,7700,141.1,1086,27.585856533224952
Prince Edward,14410,14300,143.8644219308701,2057,52.2505588295062
York,27770,27600,149.4,4123,104.72972972972973
Central Ontario,175600,174800,149.69679633867275,26167,664.6768949400528
Frontenac,5960,5900,138,814,20.676691729323306
Lanark,9170,9100,156.32693208430914,1423,36.146108514529566
Leeds and Grenville,18570,18500,136.81235697940502,2531,64.29079455395245
Lennox and Addington,6310,6300,131.84019741320625,831,21.10851452956716
Ottawa,40510,40300,152.00421738202007,6126,155.6086161349319
Prescott and Russell,71290,71000,158.4476191914463,11250,285.76508839666735
Renfrew,21130,21000,140.44721038854385,2949,74.90855517171306
"Stormont, Dundas and Glengarry",130950,130400,152.39,19872,504.77545214387317
Eastern Ontario,303900,302600,151.39173553719007,45796,1163.279821174558
Algoma,0,0,0,0,0
Cochrane,0,0,0,0,0
Greater Sudbury,0,0,0,0,0
Kenora,0,0,0,0,0
Manitoulin,0,0,0,0,0
Nipissing,0,0,0,0,0
Rainy River,0,0,0,0,0
Sudbury,0,0,0,0,0
Thunder Bay,0,0,0,0,0
Timiskaming,2000,1333.3333333333333,74.7061973986228,100,2.5401341190814875
Northern Ontario,2700,1800,75,135,3.429181060760008
Ontario,1875000,1859890,160.87295485216868,299206,7600.233692338955
,,,,,
2013,Acres seeded ,Acres harvested,Yield (bushels/ac),Production ('000 bushels),Production ('000 tonnes)
Brant,47437.54715654318,47282.28465178616,155.00440031375572,7328.96217791441,186.1654688557816
Chatham-Kent,122446.05798186541,122045.29354948127,177.60733131890137,21676.138887355297,550.6029995772022
Elgin,142052.79557638534,141587.85853450702,171.20574299075147,24240.654518869687,615.7451361224773
Essex,55940.67541406755,55757.582275758235,162.45241073691625,9057.953657558879,230.08417134624258
Haldimand-Norfolk,77019.53604579976,76767.45205751444,156.69182267947298,12028.831985350997,305.5484653868877
Hamilton,22801.729900557602,22727.100120786934,150.57400472853865,3422.1104810533434,86.92619592189959
Lambton,139138.88170739778,138683.4818695501,173.048214651326,23998.928939155183,609.6049821976017
Middlesex,188223.46761917367,187607.41453910683,172.4625706318283,32355.256981005405,821.8669218910131
Niagara,20350.887701242616,20284.27949765872,133.2199233736632,2702.270160368062,68.64128633326717
Oxford,162288.4208969671,161757.25290385028,176.1769052068911,28497.89221136874,723.8846832800432
Southern Ontario,977700,974499.9999999999,169.6346844535659,165308.99999999997,4199.070310912415
Bruce,68356.41835804896,67567.17796015277,148.24080748973458,10016.213020615643,254.4252443765404
Dufferin,15341.645377511677,15164.51137030394,119.46800939969842,1811.6739869293046,46.018949068515155
Grey,30390.067453139854,30039.184982920666,134.22389415009212,4031.97638550258,102.41760784145956
Halton,3333.6456079652016,3295.1554727405323,156.88834367808246,516.971484280031,13.131769058119055
Huron,237544.24131516187,234801.56526458944,165.2095750666591,38791.46682234925,985.3552840466685
Peel,10722.872815429471,10599.066966458402,130.38995460208258,1382.0118605809441,35.10495480036944
Perth,118356.04690335658,116989.512848542,165.62768439651757,19376.70211178065,492.1942214941234
Simcoe,60655.76778168774,59955.438778960204,156.63707853622498,9391.244772693819,238.55021267765238
Waterloo,42286.84459093742,41798.60242067169,149.71339356300348,6257.810614589531,158.95678252869158
Wellington,79912.44979676121,78989.78393466036,153.06952796173937,12090.928940678245,307.12581133606596
Western Ontario,666900,659200,157.26183252427182,103666.99999999999,2633.280837228205
Durham,64484.33797940028,64204.09313811649,148.38810053034987,9527.123427038776,242.00171273721742
Haliburton,0,0,0,0,0
Hastings,21280.428076774355,21187.94468661019,139.10662394819144,2947.383453755365,74.86749272900235
Kawartha Lakes,26104.342285654024,25990.894470418676,141.63885884539903,3681.3206331612932,93.51048143571666
Muskoka,0,0,0,0,0
Northumberland,48697.16622139417,48485.53142686399,147.74961639380996,7163.718668969172,181.96806210549613
Parry Sound,0,0,0,0,0
Peterborough,13915.64268639927,13855.16618624108,128.6362428388737,1782.276522106259,45.272214034399994
Prince Edward,16802.306921643758,16729.285161879987,142.7422268190623,2387.9754170978467,60.65777832498086
York,38815.775828734135,38647.08492986958,138.2821469606071,5344.201877871289,135.7498952924022
Central Ontario,230100,229100,143.31732867743347,32834.00000000001,834.0276366592158
Frontenac,16194.045532117441,16049.953852583674,145.31437345586005,2332.2889880836638,59.24326834189351
Lanark,13922.935556148925,13799.051801200412,170.37532995112775,2351.018003642224,59.71901045626458
Leeds and Grenville,31600.381949684805,31319.207483427563,138.25334400964442,4329.985166315741,109.98743056075341
Lennox and Addington,6121.682900495722,6067.213276524606,143.05888467078242,867.9687643993735,22.047570727478497
Ottawa,36612.80053867676,36287.026481070854,161.07640855436136,5844.983902687899,148.470430366996
Prescott and Russell,105003.95068321396,104069.64457782371,154.80908848008693,16110.926815539511,409.23914894176767
Renfrew,25697.113899950076,25468.465641942483,135.58225968221,3453.0721223732894,87.71266313689517
"Stormont, Dundas and Glengarry",113247.08893971232,112239.43688542671,153.72276194303097,17253.7562369583,438.26854899812787
Eastern Ontario,348400,345300,152.16912829423688,52544,1334.6880715301768
Algoma,0,0,0,0,0
Cochrane,0,0,0,0,0
Greater Sudbury,0,0,0,0,0
Kenora,0,0,0,0,0
Manitoulin,0,0,0,0,0
Nipissing,0,0,0,0,0
Rainy River,0,0,0,0,0
Sudbury,0,0,0,0,0
Thunder Bay,530.0462249614792,530.0462249614792,127.72446969064798,67.69987299473483,1.7196675725140933
Timiskaming,816.6409861325116,816.6409861325116,120.77488864646446,98.62972416429302,2.5053272750531654
Northern Ontario,1900,1900,129.47368421052633,246,6.248729932940459
Ontario,2225000,2210000,160.45248868778282,354600,9007.315586262954
,,,,,
2012,Acres seeded ,Acres harvested,Yield (bushels/ac),Production ('000 bushels),Production ('000 tonnes)
Brant,49185.63042768683,49018.868920692934,130.61063494697328,6402.385594114158,162.62918091125172
Chatham-Kent,174039.94148521763,173449.8674602059,181.8237023019809,31537.297065402516,801.089642994374
Elgin,136412.04499157777,135949.54653426187,175.13288789350023,23809.236692357073,604.7865447154306
Essex,66704.75470727122,66478.59545462126,165.08746811381147,10974.783007365759,278.774207665255
Haldimand-Norfolk,70124.85801349938,69887.10306559326,135.357512979126,9459.744460274555,240.29019661335485
Hamilton,35073.089204070304,34954.17558723253,146.25104425103447,5112.084680566773,129.8538071674145
Lambton,127317.59665303068,126885.93248404303,170.95625773674035,21691.9441769087,551.0044751297678
Middlesex,237677.15941227906,236871.3264700767,166.3078795743418,39393.568037200115,1000.6494624364996
Niagara,35788.62244861492,35667.28285083258,131.75188427182877,4699.231722453477,119.36678831674143
Oxford,158976.3026567522,158437.3011724399,159.89558251679944,25333.424563356868,643.5029608655981
Southern Ontario,1091300,1087600,164.04349025376976,178413.7,4531.947266815688
Bruce,78285.40322509508,71646.06939416661,139.843592905862,10019.243761662974,254.50222926394466
Dufferin,19102.007070374657,17481.978347825796,130.4591361888814,2280.6837941300814,57.932427203060385
Grey,26627.67717157872,24369.4012912594,134.3281121412179,3273.4956694666334,83.1511803867769
Halton,14027.21950392026,12837.5801948085,99.04759964491726,1271.5315035449112,32.298605556414124
Huron,165550.727943247,151510.4790144902,162.34586944929012,24597.100446285836,624.7993407408513
Peel,11185.554071063372,10236.91454821188,119.53433934117241,1223.6628174125435,31.082676727609822
Perth,114567.30451805082,104850.92637514375,166.3876273683611,17445.896866934883,443.1491786967812
Simcoe,67211.96341997143,61511.76077434852,153.74768757381364,9457.290977649702,240.22787486409524
Waterloo,43890.040060932784,40167.75447750813,142.13086883498548,5709.077843038609,145.01823417594514
Wellington,95048.10301576584,86987.1355822372,143.3501199506117,12469.616319873827,316.7449786596684
Western Ontario,635496,581600,150.87276478679502,87747.59999999999,2228.906726275147
Durham,46454.80707295281,46024.07172688927,155.15990492780656,7141.090593534689,181.39327864089333
Haliburton,0,0,0,0,0
Hastings,19997.70260629861,19812.281163495656,116.79386196676147,2313.95283145598,58.777505371265484
Kawartha Lakes,20601.264016733505,20410.246269707695,137.67339968841057,2809.9479924283587,71.37644768411803
Muskoka,0,0,0,0,0
Northumberland,34195.8374024283,33878.76890541922,133.0536078285926,4507.692431657166,114.50143343977763
Parry Sound,0,0,0,0,0
Peterborough,15285.242518059857,15143.515651874786,110.49285410912375,1673.2502656218328,42.50280089468179
Prince Edward,41662.66891072925,41276.366927319614,102.62888373684827,4236.147462463373,107.60382702863677
York,37502.47747279767,37154.74935529375,151.39971391132872,5625.2184228385995,142.88809243138078
Central Ontario,215700,213700,132.46279831539542,28307.3,719.0433854907538
Frontenac,7795.368579763348,7666.111639188436,113.19407033963503,867.7583801177907,22.042226684560827
Lanark,10581.758544317134,10406.299780392672,104.38955447855966,1086.3089978455241,27.593705492926336
Leeds and Grenville,29080.550782048704,28598.358954188385,138.32397240780392,3955.8386148876266,100.48360635256113
Lennox and Addington,11011.987095142886,10829.394604870695,93.16100795750657,1008.8773169593376,25.626836947758015
Ottawa,55539.865519776366,54618.94522927661,121.20996131906792,6620.360238528906,168.16602922497728
Prescott and Russell,60083.92808367242,59087.66156434714,135.52576618258573,8007.900605445467,203.4114155010533
Renfrew,24663.848294570376,24254.890906508463,103.69813377782009,2515.1869219895466,63.88912116413194
"Stormont, Dundas and Glengarry",132942.69310070877,130738.33732122762,152.1081675940582,19886.368924225804,505.14044209067777
Eastern Ontario,331700,326200,134.72900061312077,43948.6,1116.3533834586465
Algoma,0,0,0,0,0
Cochrane,0,0,0,0,0
Greater Sudbury,0,0,0,0,0
Kenora,0,0,0,0,0
Manitoulin,0,0,0,0,0
Nipissing,0,0,0,0,0
Rainy River,0,0,0,0,0
Sudbury,0,0,0,0,0
Thunder Bay,487.2460496613996,487.2460496613996,74.65060899139755,36.37321433587621,0.9239284275522305
Timiskaming,352.8216704288939,352.8216704288939,111.78006385033152,39.43842884832239,1.0017889872059131
Northern Ontario,1389.6985552635201,1083.8027861883893,125.97871146901896,136.53607849054595,3.4681995145942373
Ontario,2275585.6985552637,2210183.802786188,153.1789960869793,338553.73607849056,8599.71896155483
,,,,,
2011,Acres seeded ,Acres harvested,Yield (bushels/ac),Production ('000 bushels),Production ('000 tonnes)
Brant,44948,44948,159,7146.732,181.53657793131475
Chatham-Kent,157185,129522,170,22018.74,559.3055273318431
Elgin,110906,95359.8588059609,169,16115.816138207392,409.36334429504655
Essex,53322,53322,163.32752650457397,8708.950368276892,221.2190197184742
Haldimand-Norfolk,90423,83224,155.6,12949.654400000001,328.9385897175371
Hamilton,25106,23909.222334521135,150,3586.3833501781705,91.09894711893341
Lambton,100813,100813,140.8,14197.012794682501,360.62316588809443
Middlesex,176493,168401,148.8111887696629,25059.953,636.5564163787848
Niagara,25976,21402.00305553659,145.30931531860884,3109.910410446796,78.9958954086262
Oxford,129181,129181,170,21960.77,557.8330115830115
Southern Ontario,914353,850082.1323111897,158.6363452656736,134853.92264549792,3425.470500038049
Bruce,63921,63921,133,8501.493,215.94932432432432
Dufferin,11808,9702.551732451406,142,1377.7623460080997,34.99701143080928
Grey,22142,22142,139,3077.738,78.17867303393618
Halton,12930,10798.20172997447,124,1338.977014516834,34.01181199240078
Huron,184528,143493.96721946285,161,23102.52872233352,586.8352144465943
Peel,13244,13244,140,1854.16,47.09815078236131
Perth,126591,121424,160.4842041112136,19486.634,494.98663889453354
Simcoe,56881,56881,147.9,8412.6999,213.69386049583417
Waterloo,43766,43766,145.6,6372.3296,161.86571834992887
Wellington,80363,80363,140.1,11258.8563,285.99005029465553
Western Ontario,616174,565735.3145105159,149.86368564212086,84783.17933045032,2153.606465414812
Durham,54575,54575,145.29142587185527,7929.279566956501,201.4143356776189
Haliburton,0,0,0,0,0
Hastings,20204,16333.509296632004,158,2580.6944688678564,65.5531007129612
Kawartha Lakes,18741,18741,157,2942.337,74.73930603535867
Muskoka,0,0,0,0,0
Northumberland,37708,26439.334475090636,142.00312833057401,3754.4682064412655,95.36852790188135
Parry Sound,484,0,0,0,0
Peterborough,12509,11094.172006335997,149,1653.0316289440636,41.98922040601665
Prince Edward,16680,11464.485017978672,141,1616.4923875349928,41.06107466813129
York,25064,16879.678715630103,147,2481.312771197625,63.02867230231723
Central Ontario,185965,173029.17742178787,141.62907807668446,24505.962878614882,622.4843242891404
Frontenac,5821,4665.482084597032,136.65586162973256,637.5654741886881,16.19501814135054
Lanark,8907,7038,143,1006.434,25.564773420036577
Leeds and Grenville,24778,24778,146.26046643724942,3624.0418373821662,92.05552320113203
Lennox and Addington,11697,10415.209691368857,121.86600433735936,1269.2599894228642,32.240906051180254
Ottawa,52172,44815.80747607781,135.69845982376492,6081.436050262129,154.47663204282995
Prescott and Russell,65395,55458.816271744894,126.8836343898203,7036.8161675162955,178.74456836812374
Renfrew,15750,14903.731956747099,139.65101156340918,2081.32124382964,52.868351042207884
"Stormont, Dundas and Glengarry",127887,125844.82878565814,149.57781087740034,18823.594,478.14453363137574
Eastern Ontario,312407,287920.4696188848,140.87386548623388,40560.46950782406,1030.290324827882
Algoma,135,0,0,0,0
Cochrane,152,0,0,0,0
Greater Sudbury,0,0,0,0,0
Kenora,N/A,0,0,0,0
Manitoulin,698,0,0,0,0
Nipissing,N/A,0,0,0,0
Rainy River,85,0,0,0,0
Sudbury,N/A,0,0,0,0
Thunder Bay,245,0,0,0,0
Timiskaming,1594,0,0,0,0
Northern Ontario,3457,3232.9061376220075,91.70251934096326,296.465637612801,7.530624812355238
Ontario,2032356,1880000,151.59574468085106,285000,7239.382239382239
,,,,,
2010,Acres seeded ,Acres harvested,Yield (bushels/ac),Production ('000 bushels),Production ('000 tonnes)
Brant,45000,44900,161,7229,183.6262954684007
Chatham-Kent,145000,144500,179,25866,657.0310912416176
Elgin,120000,119600,171,20452,519.5082300345458
Essex,52000,51800,158,8184,207.88457630562894
Haldimand-Norfolk,90000,89700,169,15159,385.0589311115627
Hamilton,31000,30900,156,4820,122.43446453972768
Lambton,100000,99700,147,14656,372.2820564925828
Middlesex,150000,149500,166,24817,630.3850843324527
Niagara,26000,25900,141,3652,92.76569802885592
Oxford,150000,149600,176,26330,668.8173135541556
Southern Ontario,909000,906100,166.83037192362875,151165,3839.7937411095304
Bruce,65000,64300,152,9774,248.27270879902457
Dufferin,10000,9900,148,1465,37.21296484454379
Grey,16000,15800,144,2275,57.788051209103834
Halton,14000,13800,136,1877,47.67831741515952
Huron,155000,153300,172,26368,669.7825645194066
Peel,12000,11900,147,1749,44.426945742735214
Perth,115000,113700,170,19329,490.9825238772607
Simcoe,40000,39500,162,6399,162.54318228002438
Waterloo,39000,38600,162,6253,158.8345864661654
Wellington,62000,61300,155,9502,241.36354399512294
Western Ontario,528000,522100,162.78682244780694,84991,2158.885389148547
Durham,58000,57600,162,9331,237.0199146514936
Haliburton,N/A,N/A,N/A,N/A,N/A
Hastings,20000,19900,159,3164,80.36984352773825
Kawartha Lakes,18000,17900,160,2864,72.7494411704938
Muskoka,N/A,N/A,N/A,N/A,N/A
Northumberland,31000,30800,150,4620,117.35419630156471
Parry Sound,N/A,N/A,N/A,N/A,N/A
Peterborough,9000,8900,150,1335,33.910790489737856
Prince Edward,16000,15900,140,2226,56.543385490753906
York,18000,17900,148,2649,67.2881528144686
Central Ontario,170000,168900,155.05624629958555,26189,665.2357244462507
Frontenac,4000,3900,134,523,13.28490144279618
Lanark,10000,9800,163,1597,40.565941881731355
Leeds and Grenville,20000,19700,148,2916,74.07031091241618
Lennox and Addington,8000,7900,150,1185,30.100589311115627
Ottawa,40000,39400,170,6698,170.138183296078
Prescott and Russell,62000,61000,166,10126,257.21398089819144
Renfrew,11000,10800,140,1512,38.40682788051209
"Stormont, Dundas and Glengarry",110000,108300,165,17870,453.9219670798618
Eastern Ontario,265000,260800,162.68021472392638,42427,1077.7027027027027
Algoma,N/A,N/A,N/A,N/A,N/A
Cochrane,N/A,N/A,N/A,N/A,N/A
Greater Sudbury,N/A,N/A,N/A,N/A,N/A
Kenora,N/A,N/A,N/A,N/A,N/A
Manitoulin,N/A,N/A,N/A,N/A,N/A
Nipissing,N/A,N/A,N/A,N/A,N/A
Rainy River,N/A,N/A,N/A,N/A,N/A
Sudbury,N/A,N/A,N/A,N/A,N/A
Thunder Bay,N/A,N/A,N/A,N/A,N/A
Timiskaming,N/A,N/A,N/A,N/A,N/A
Northern Ontario,3000,2100,108.4,228,5.7915057915057915
Ontario,1875000,1860000,163.9784946236559,305000,7747.409063198536
,,,,,
2009,Acres seeded ,Acres harvested,Yield (bushels/ac),Production ('000 bushels),Production ('000 tonnes)
Brant,38000,37600,146,5490,139.45336313757366
Chatham-Kent,130000,128800,165,21252,539.8293029871977
Elgin,95000,94100,158,14868,377.6671408250355
Essex,39000,38600,161,6215,157.86933550091445
Haldimand-Norfolk,85000,84200,163,13725,348.63340784393415
Hamilton,29000,28700,144,4133,104.98374314163787
Lambton,100000,99100,156,15460,392.70473480999794
Middlesex,140000,138700,154,21360,542.5726478358057
Niagara,22000,21800,137,2987,75.87380613696402
Oxford,165000,163600,153,25031,635.8209713472871
Southern Ontario,843000,835200,156.27514367816093,130521,3315.4084535663483
Bruce,65000,64400,124,7986,202.85511074984757
Dufferin,7000,6900,99,683,17.34911603332656
Grey,13000,12900,118,1522,38.66084129242024
Halton,13000,12900,124,1600,40.6421459053038
Huron,180000,178500,134,23919,607.5746799431009
Peel,7000,6900,132,911,23.14062182483235
Perth,110000,109000,139,15151,384.85572038203617
Simcoe,38000,37700,121,4562,115.88091851249746
Waterloo,52000,51500,129,6644,168.76651087177402
Wellington,58000,57500,120,6900,175.26925421662264
Western Ontario,543000,538200,129.83649201040507,69878,1774.9949197317617
Durham,73000,72000,114,8208,208.4942084942085
Haliburton,N/A,N/A,N/A,N/A,N/A
Hastings,11000,10900,121,1319,33.50436903068482
Kawartha Lakes,20000,19700,108,2128,54.05405405405405
Muskoka,N/A,N/A,N/A,N/A,N/A
Northumberland,21000,20700,134,2774,70.46332046332046
Parry Sound,N/A,N/A,N/A,N/A,N/A
Peterborough,7000,6900,113,780,19.8130461288356
Prince Edward,15000,14800,109,1613,40.97236334078439
York,18000,17800,123,2189,55.60353586669376
Central Ontario,165000,162800,116.77518427518427,19011,482.90489737858155
Frontenac,4000,3800,90,342,8.687258687258687
Lanark,8000,7700,138,1063,27.00162568583621
Leeds and Grenville,13000,12400,131,1624,41.25177809388335
Lennox and Addington,10000,9600,116,1114,28.297094086567768
Ottawa,30000,28700,148,4248,107.90489737858158
Prescott and Russell,45000,43100,142,6120,155.45620808778702
Renfrew,11000,10500,120,1260,32.00568990042674
"Stormont, Dundas and Glengarry",110000,105200,148,15570,395.49888234098756
Eastern Ontario,231000,221000,141.81447963800906,31341,796.103434261329
Algoma,N/A,N/A,N/A,N/A,N/A
Cochrane,N/A,N/A,N/A,N/A,N/A
Greater Sudbury,N/A,N/A,N/A,N/A,N/A
Kenora,N/A,N/A,N/A,N/A,N/A
Manitoulin,N/A,N/A,N/A,N/A,N/A
Nipissing,N/A,N/A,N/A,N/A,N/A
Rainy River,N/A,N/A,N/A,N/A,N/A
Sudbury,N/A,N/A,N/A,N/A,N/A
Thunder Bay,N/A,N/A,N/A,N/A,N/A
Timiskaming,N/A,N/A,N/A,N/A,N/A
Northern Ontario,3000,3000,83,249,6.324933956512903
Ontario,1785000,1760200,142.5974321099875,251000,6375.736638894533
,,,,,
2008,Acres seeded ,Acres harvested,Yield (bushels/ac),Production ('000 bushels),Production ('000 tonnes)
Brant,34000,33500,148,4958,125.93984962406014
Chatham-Kent,130000,128200,175,22435,569.8790896159317
Elgin,87000,85800,167,14328.6,363.96565738671
Essex,61000,60100,138,8293.8,210.67364356838038
Haldimand-Norfolk,64000,63100,158,9969.8,253.2462914041861
Hamilton,32000,31500,161,5071.5,128.82290184921763
Lambton,98000,96600,172,16615.2,422.0483641536273
Middlesex,132000,130100,180,23418,594.8486080065027
Niagara,34000,33500,156,5226,132.74740906319852
Oxford,145000,143000,171,24453,621.138996138996
Southern Ontario,817000,805400,167.33163645393594,134768.9,3423.3108108108104
Bruce,61000,60600,142,8605.2,218.58362121520017
Dufferin,7500,7400,126,932.4,23.684210526315788
Grey,11000,10900,126,1373.4,34.88620199146515
Halton,16000,15900,147,2337.3,59.37055476529161
Huron,135000,134100,165,22126.5,562.0427758585653
Peel,10000,9900,148,1465.2,37.21804511278195
Perth,100000,99300,156,15490.8,393.487096118675
Simcoe,56000,55600,148,8228.8,209.02255639097743
Waterloo,32000,31800,152,4833.6,122.77992277992279
Wellington,77000,76500,137,10480.5,266.2187563503353
Western Ontario,505500,502000,151.142828685259,75873.70000000001,1927.2937411095309
Durham,73000,68900,138,9508.2,241.521032310506
Haliburton,N/A,N/A,N/A,N/A,N/A
Hastings,8000,7500,141,1057.5,26.86191830928673
Kawartha Lakes,20000,18900,133,2513.7,63.85135135135134
Muskoka,N/A,N/A,N/A,N/A,N/A
Northumberland,45000,42400,143.9,6101.36,154.98272708799024
Parry Sound,N/A,N/A,N/A,N/A,N/A
Peterborough,12000,11300,121,1367.3,34.731253810201174
Prince Edward,16500,15600,140.8,2196.48,55.793537898801056
York,28000,26400,138,3643.2,92.54216622637675
Central Ontario,202500,191000,138.15570680628272,26387.74,670.2839869945133
Frontenac,3000,3000,152,456,11.583011583011583
Lanark,6500,6400,161,1030.4,26.173541963015648
Leeds and Grenville,17000,16800,123,2066.4,52.48933143669986
Lennox and Addington,6000,5900,141,831.9,21.131375736638894
Ottawa,41000,40400,145,5858,148.80105669579353
Prescott and Russell,52000,51200,141,7219.2,183.37736232473074
Renfrew,18000,17700,137.9,2440.83,62.000355618776666
"Stormont, Dundas and Glengarry",90000,88700,146,12950.2,328.9524486892908
Eastern Ontario,233500,230100,142.77674923946114,32852.93000000001,834.5084840479578
Algoma,N/A,N/A,N/A,N/A,N/A
Cochrane,N/A,N/A,N/A,N/A,N/A
Greater Sudbury,N/A,N/A,N/A,N/A,N/A
Kenora,N/A,N/A,N/A,N/A,N/A
Manitoulin,N/A,N/A,N/A,N/A,N/A
Nipissing,N/A,N/A,N/A,N/A,N/A
Rainy River,N/A,N/A,N/A,N/A,N/A
Sudbury,N/A,N/A,N/A,N/A,N/A
Thunder Bay,N/A,N/A,N/A,N/A,N/A
Timiskaming,N/A,N/A,N/A,N/A,N/A
Northern Ontario,1500,1500,77.8,116.7,2.9643365169680957
Ontario,1760000,1730000,156.06934682080927,269999.97000000003,6858.361359479781
,,,,,
2007,Acres seeded ,Acres harvested,Yield (bushels/ac),Production ('000 bushels),Production ('000 tonnes)
Brant,42000,41100,119,4890.9,124.23541963015646
Chatham-Kent,165000,161400,155,25017,635.4653525706157
Elgin,110000,107600,130,13988,355.31396057711845
Essex,60000,58700,142,8335.4,211.73033936191828
Haldimand-Norfolk,99000,96900,112,10852.8,275.6756756756756
Hamilton,22000,21500,112,2408,61.16642958748221
Lambton,140000,137000,135,18495,469.7978053241211
Middlesex,200000,195700,137,26810.9,681.0328185328185
Niagara,36000,35200,91,3203.2,81.3655761024182
Oxford,155000,151700,151,22906.7,581.8609022556391
Southern Ontario,1029000,1006800,135.983214143822,136907.9,3477.6442796179635
Bruce,70000,68500,130,8905,226.19894330420644
Dufferin,11000,10800,114,1231.2,31.274131274131275
Grey,17000,16600,112,1859.2,47.226173541963014
Halton,10000,9800,73,715.4,18.17211948790896
Huron,200000,195700,137,26810.9,681.0328185328185
Peel,9000,8800,86,756.8,19.223735013208696
Perth,150000,146800,145,21286,540.6929485876854
Simcoe,57000,55800,113,6305.4,160.1656167445641
Waterloo,34000,33300,119,3962.7,100.6578947368421
Wellington,85000,83200,117,9734.4,247.2668156878683
Western Ontario,643000,629300,129.61544573335453,81567,2071.911196911197
Durham,52000,50900,104,5293.6,134.46453972769763
Haliburton,N/A,N/A,N/A,N/A,N/A
Hastings,13000,12700,106,1346.2,34.195285511074985
Kawartha Lakes,16000,15700,90,1413,35.89209510262142
Muskoka,N/A,N/A,N/A,N/A,N/A
Northumberland,24000,23500,114,2679,68.05019305019304
Parry Sound,N/A,N/A,N/A,N/A,N/A
Peterborough,8000,7800,100,780,19.8130461288356
Prince Edward,13000,12700,108,1371.6,34.84047957732168
York,20000,19600,103,2018.8,51.28022759601706
Central Ontario,146000,142900,104.28411476557032,14902.199999999999,378.53586669376136
Frontenac,5000,4900,113,553.7,14.064722617354196
Lanark,4000,3900,136,530.4,13.472871367608208
Leeds and Grenville,23000,22500,137,3082.5,78.29963422068685
Lennox and Addington,8000,7800,113,881.4,22.38874212558423
Ottawa,45000,44000,157,6908,175.47246494614916
Prescott and Russell,63000,61700,149,9193.3,233.52214996951835
Renfrew,7000,6900,124,855.6,21.733387522861207
"Stormont, Dundas and Glengarry",125000,122300,159,19445.7,493.9468603942288
Eastern Ontario,280000,274000,151.2795620437956,41450.6,1052.900833163991
Algoma,N/A,N/A,N/A,N/A,N/A
Cochrane,N/A,N/A,N/A,N/A,N/A
Greater Sudbury,N/A,N/A,N/A,N/A,N/A
Kenora,N/A,N/A,N/A,N/A,N/A
Manitoulin,N/A,N/A,N/A,N/A,N/A
Nipissing,N/A,N/A,N/A,N/A,N/A
Rainy River,N/A,N/A,N/A,N/A,N/A
Sudbury,N/A,N/A,N/A,N/A,N/A
Thunder Bay,N/A,N/A,N/A,N/A,N/A
Timiskaming,N/A,N/A,N/A,N/A,N/A
Northern Ontario,2000,2000,86.3,172.6,4.384271489534647
Ontario,2100000,2055000,133.82009732360098,275000.3,6985.376447876447
,,,,,
2006,Acres seeded ,Acres harvested,Yield (bushels/ac),Production ('000 bushels),Production ('000 tonnes)
Brant,34860,33900,146,4949.4,125.72139808981913
Chatham-Kent,122716,119400,167,19939.8,506.4976630766104
Elgin,86273,83900,160,13424,340.9876041454989
Essex,37577,36600,153,5599.8,142.24243040032513
Haldimand-Norfolk,64165,62400,139,8673.6,220.3210729526519
Hamilton,20247,19700,130,2561,65.0528347896769
Lambton,75996,73900,161,11897.9,302.2226173541963
Middlesex,139010,135200,165,22308,566.6531192846982
Niagara,20564,20000,139,2780,70.61572851046535
Oxford,118501,115300,162,18678.6,474.46149156675466
Southern Ontario,719909,700300,158.23518492074825,110812.1,2814.775960170697
Bruce,47229,45900,145,6655.5,169.0586262954684
Dufferin,9778,9500,139,1320.5,33.54247104247104
Grey,13982,13600,135,1836,46.63686242633611
Halton,13740,13400,123,1648.2,41.86649055070107
Huron,151188,147100,159,23388.9,594.10942897785
Peel,10809,10500,117,1228.5,31.20554765291607
Perth,108765,105800,161,17033.8,432.6813655761024
Simcoe,44263,43100,128,5516.8,140.1341190814875
Waterloo,39276,38200,139,5309.8,134.8760414549888
Wellington,64858,63100,140,8834,224.3954480796586
Western Ontario,503888,490200,148.45369237046106,72772.00000000001,1848.5064011379804
Durham,52062,50600,132,6679.2,169.6606380816907
Haliburton,N/A,N/A,N/A,N/A,N/A
Hastings,N/A,11900,104,1237.6,31.436699857752487
Kawartha Lakes,12663,12300,128,1574.4,39.99187157081894
Muskoka,0,N/A,N/A,N/A,N/A
Northumberland,26796,26100,126,3288.6,83.53485064011379
Parry Sound,0,N/A,N/A,N/A,N/A
Peterborough,7129,6900,118,814.2,20.681771997561473
Prince Edward,11788,11500,129,1483.5,37.68288965657386
York,19991,19400,119,2308.6,58.641536273115214
Central Ontario,142505,138700,124.61802575107296,17386.1,441.6302580776264
Frontenac,3300,3200,135,432,10.973379394432026
Lanark,4115,4000,125,500,12.700670595407438
Leeds and Grenville,16423,16000,133,2128,54.05405405405405
Lennox and Addington,5800,5600,112,627.2,15.93172119487909
Ottawa,37756,36700,151,5541.7,140.76661247713878
Prescott and Russell,42453,41300,153,6318.9,160.5085348506401
Renfrew,6569,6400,139,889.6,22.59703312334891
"Stormont, Dundas and Glengarry",93233,90700,148,13423.6,340.97744360902254
Eastern Ontario,209649,203900,146.44923982344287,29861,758.509449298923
Algoma,51,N/A,N/A,N/A,N/A
Cochrane,N/A,N/A,N/A,N/A,N/A
Greater Sudbury,0,N/A,N/A,N/A,N/A
Kenora,0,N/A,N/A,N/A,N/A
Manitoulin,N/A,N/A,N/A,N/A,N/A
Nipissing,N/A,N/A,N/A,N/A,N/A
Rainy River,N/A,N/A,N/A,N/A,N/A
Sudbury,N/A,N/A,N/A,N/A,N/A
Thunder Bay,N/A,N/A,N/A,N/A,N/A
Timiskaming,856,N/A,89,N/A,N/A
Northern Ontario,1911,1900,88.6,168.34,4.276061776061776
Ontario,1577862,1535000,150.48829967426713,230999.54000000004,5867.698130461289
,,,,,
2005,Acres seeded ,Acres harvested,Yield (bushels/ac),Production ('000 bushels),Production ('000 tonnes)
Brant,35800,35200,156.33348893183313,5502.94,139.7820564925828
Chatham-Kent,113100,112400,159.53312204325474,17931.52,455.48465758992074
Elgin,85400,84900,151.0736475289653,12826.15,325.8014123145702
Essex,35800,35400,132.58256523584112,4693.42,119.21916277179434
Haldimand-Norfolk,74700,73300,139.13066519646682,10198.28,259.04998983946354
Hamilton,20500,19800,143.80764980862443,2847.39,72.32752489331436
Lambton,85700,82200,153.9155860409977,12651.86,321.3742125584231
Middlesex,121800,120500,151.1999096269229,18219.59,462.80202194675877
Niagara,20100,19100,116.4374106230665,2223.95,56.49131274131273
Oxford,143100,141000,164.36830233003383,23175.93,588.6997053444421
Southern Ontario,736000,723800,152.35009671179884,110271,2801.031294452347
Bruce,42400,42000,125.84868425548571,5285.64,134.26234505181873
Dufferin,10600,10600,130.21522442138254,1380.28,35.06096321885795
Grey,12200,12200,122.66143985208899,1496.47,38.012345051818734
Halton,6700,6700,107.34871617272199,719.24,18.26966063808169
Huron,160200,158600,150.67118927301917,23896.45,607.0018796992481
Peel,7300,7300,135.2998914063383,987.69,25.088650680755944
Perth,97500,95800,157.7318303919315,15110.71,383.8323003454582
Simcoe,38400,37900,122.26580436357035,4633.87,117.70651290388132
Waterloo,48000,47200,139.10616984195494,6565.81,166.78038000406423
Wellington,40900,40600,137.85985274969534,5597.11,142.17410079252184
Western Ontario,464200,458900,143.1096099368054,65673,1668.1822800243851
Durham,51000,49800,123.91416480001998,6170.93,156.74989839463524
Haliburton,N/A,N/A,N/A,N/A,N/A
Hastings,8500,8500,94.35701008749263,802.03,20.372637675269253
Kawartha Lakes,13500,13000,103.92447937509121,1351.02,34.31771997561471
Muskoka,N/A,N/A,N/A,N/A,N/A
Northumberland,18400,17000,119.5327298339605,2032.06,51.61704938020727
Parry Sound,100,100,121.67171699442333,12.17,0.309134322292217
Peterborough,7500,7000,90.42356364875081,632.96,16.078032920138185
Prince Edward,9800,9800,99.33390098560142,973.47,24.727443609022554
York,26100,23000,124.5929483185947,2865.64,72.79109937004674
Central Ontario,134900,128200,115.7566302652106,14840,376.9559032716927
Frontenac,6000,5300,100.39336642348343,532.08,13.51554562080878
Lanark,10600,10600,98.39322757911137,1042.97,26.492836821784188
Leeds and Grenville,17600,16700,120.56961381534562,2013.51,51.145854501117654
Lennox and Addington,5200,5200,92.68630822974029,481.97,12.242684413737045
Ottawa,45100,42500,144.270877597487,6131.51,155.7485775248933
Prescott and Russell,47000,46500,152.2166532629485,7078.07,179.79247104247102
Renfrew,7500,7500,100.31964054896537,752.4,19.11196911196911
"Stormont, Dundas and Glengarry",123900,117800,152.64746779394423,17981.87,456.76361511887825
Eastern Ontario,262900,252100,142.85997619992068,36015,914.8293029871977
Algoma,N/A,N/A,N/A,N/A,N/A
Cochrane,N/A,N/A,N/A,N/A,N/A
Greater Sudbury,N/A,N/A,N/A,N/A,N/A
Kenora,100,100,77.51972847610247,7.75,0.19686039422881527
Manitoulin,200,200,108.97943799459188,21.8,0.5537492379597643
Nipissing,N/A,N/A,N/A,N/A,N/A
Rainy River,N/A,N/A,N/A,N/A,N/A
Sudbury,N/A,N/A,N/A,N/A,N/A
Thunder Bay,100,100,78.0059133578545,7.8,0.198130461288356
Timiskaming,1600,1600,102.00734480504087,163.21,4.145752895752896
Northern Ontario,2000,2000,100.5,201,5.10566957935379
Ontario,1600000,1565000,145.04792332268372,227000,5766.104450314976
,,,,,
2004,Acres seeded ,Acres harvested,Yield (bushels/ac),Production ('000 bushels),Production ('000 tonnes)
Brant,43200,38000,119.87106351708857,4555.1,115.70564925828084
Chatham-Kent,120100,113100,152.22433165953277,17216.57,437.3239687055476
Elgin,91400,87800,137.58131378196617,12079.64,306.83905710221495
Essex,32100,32100,138.0245485880784,4430.59,112.54292826661248
Haldimand-Norfolk,71300,60500,123.35394559712087,7462.91,189.56792318634422
Hamilton,19100,17100,114.58868199345628,1959.47,49.77316602316602
Lambton,87500,87500,144.15541318800885,12613.6,320.4023572444625
Middlesex,126400,116400,136.1093445358553,15843.13,402.4367506604348
Niagara,17100,15900,111.68011558374045,1775.71,45.10541556594188
Oxford,144800,134400,130.35907198680056,17520.26,445.0381020117862
Southern Ontario,753000,702800,135.8252703471827,95458,2424.761227392806
Bruce,58000,52400,117.41822380117613,6152.71,156.2870859581386
Dufferin,10100,8500,109.15880696940289,927.85,23.56863442389758
Grey,22700,19200,111.20156669058872,2135.07,54.23364153627312
Halton,12500,12500,111.83930002097617,1397.99,35.510820971347286
Huron,186100,186000,134.29958280250884,24979.72,634.5183905710221
Peel,6200,6200,118.410656342421,734.15,18.648394635236738
Perth,104900,104900,127.47231557051333,13371.85,339.6629242023979
Simcoe,49900,44000,120.23410211738607,5290.3,134.38071530176794
Waterloo,47900,42200,115.13356378302993,4858.64,123.41597236334079
Wellington,43600,41500,114.66418966192859,4758.56,120.87380613696403
Western Ontario,541900,517400,124.87050637804407,64608,1641.1298516561674
Durham,46500,40500,120.44417535382834,4877.99,123.90748831538303
Haliburton,N/A,N/A,N/A,N/A,N/A
Hastings,14200,13600,115.56910892988392,1571.74,39.92430400325137
Kawartha Lakes,18900,16200,112.70970091897324,1825.9,46.38030888030888
Muskoka,N/A,N/A,N/A,N/A,N/A
Northumberland,24600,21900,124.97018459395113,2736.85,69.51966063808169
Parry Sound,100,100,98.76245041839036,9.88,0.25096525096525096
Peterborough,9400,7900,103.70202546257883,819.25,20.810048770575087
Prince Edward,10600,10600,113.15184559901502,1199.41,30.46662263767527
York,24000,19500,111.61661417007474,2176.52,55.286527128632386
Central Ontario,148300,130300,116.792018419033,15218,386.5576102418207
Frontenac,3400,2700,122.57436482204261,330.95,8.406573867100182
Lanark,4200,4200,122.61226347226611,514.97,13.080928673033936
Leeds and Grenville,15000,15000,123.4755362128601,1852.13,47.04658605974395
Lennox and Addington,6200,6200,120.3639095621193,746.26,18.956004877057506
Ottawa,38400,34900,138.33072295609213,4827.74,122.63107092054459
Prescott and Russell,58200,58200,141.39775142591373,8229.35,209.0365271286324
Renfrew,7800,7800,114.64272461247853,894.21,22.71413330623857
"Stormont, Dundas and Glengarry",121500,118700,144.56909872310547,17160.35,435.89590530379996
Eastern Ontario,254700,247700,139.50343157044813,34555,877.743344848608
Algoma,200,0,0,0,0
Cochrane,N/A,N/A,N/A,N/A,N/A
Greater Sudbury,N/A,N/A,N/A,N/A,N/A
Kenora,100,100,95.54618391656025,9.55,0.24258280837228205
Manitoulin,300,300,94.28511449380892,28.29,0.7186039422881527
Nipissing,N/A,N/A,N/A,N/A,N/A
Rainy River,N/A,N/A,N/A,N/A,N/A
Sudbury,N/A,N/A,N/A,N/A,N/A
Thunder Bay,100,100,97.11943820858198,9.71,0.24664702296281243
Timiskaming,1400,1300,86.83305193833229,112.88,2.8673033936191827
Northern Ontario,2100,1800,89.44444444444444,161,4.089615931721195
Ontario,1700000,1600000,131.25,210000,5334.281650071123
,,,,,
